full_date,week_of_year,month_of_year,calendar_year,platform_name,page_name,is_competitor,comment_count,positive_count,neutral_count,negative_count,avg_sentiment_score,positive_pct,negative_pct
2021-04-17,15,4,2021,youtube,Trung Nguyên Legend,True,2,0,2,0,0.0,0.0,0.0
2021-07-11,27,7,2021,youtube,Trung Nguyên Legend,True,1,0,1,0,0.0,0.0,0.0
2022-11-19,46,11,2022,youtube,Trung Nguyên Legend,True,2,2,0,0,0.33,100.0,0.0
2025-08-18,34,8,2025,youtube,Phuc Long,True,2,0,2,0,0.0,0.0,0.0
2018-08-30,35,8,2018,youtube,Highlands Coffee Vietnam,False,2,2,0,0,0.33,100.0,0.0
2021-10-13,41,10,2021,youtube,Trung Nguyên Legend,True,1,0,1,0,0.0,0.0,0.0
2022-08-05,31,8,2022,youtube,Trung Nguyên Legend,True,2,0,2,0,0.0,0.0,0.0
2024-08-01,31,8,2024,youtube,Trung Nguyên Legend,True,1,0,1,0,0.0,0.0,0.0
2020-01-14,3,1,2020,youtube,Highlands Coffee Vietnam,False,2,1,1,0,0.165,50.0,0.0
2021-01-22,3,1,2021,youtube,Trung Nguyên Legend,True,2,2,0,0,0.33,100.0,0.0
2020-04-07,15,4,2020,youtube,Trung Nguyên Legend,True,1,0,1,0,0.0,0.0,0.0
2024-07-25,30,7,2024,youtube,Trung Nguyên Legend,True,1,0,1,0,0.0,0.0,0.0
2022-01-27,4,1,2022,youtube,Trung Nguyên Legend,True,1,1,0,0,0.33,100.0,0.0
2020-08-30,35,8,2020,youtube,Trung Nguyên Legend,True,1,0,1,0,0.0,0.0,0.0
2022-06-30,26,6,2022,youtube,Trung Nguyên Legend,True,1,0,1,0,0.0,0.0,0.0
2024-04-10,15,4,2024,youtube,Trung Nguyên Legend,True,1,1,0,0,0.33,100.0,0.0
2019-08-26,35,8,2019,youtube,Trung Nguyên Legend,True,1,0,1,0,0.0,0.0,0.0
2018-12-07,49,12,2018,youtube,Highlands Coffee Vietnam,False,1,0,1,0,0.0,0.0,0.0
2022-09-23,38,9,2022,youtube,Trung Nguyên Legend,True,12,1,11,0,0.0275,8.33,0.0
2020-05-28,22,5,2020,youtube,Trung Nguyên Legend,True,6,0,6,0,0.0,0.0,0.0
2024-04-05,14,4,2024,youtube,Trung Nguyên Legend,True,1,0,1,0,0.0,0.0,0.0
2019-07-11,28,7,2019,youtube,Highlands Coffee Vietnam,False,2,1,1,0,0.165,50.0,0.0
2019-12-11,50,12,2019,youtube,Trung Nguyên Legend,True,1,0,1,0,0.0,0.0,0.0
2022-09-13,37,9,2022,youtube,Trung Nguyên Legend,True,1,0,1,0,0.0,0.0,0.0
2024-02-18,7,2,2024,youtube,Trung Nguyên Legend,True,1,1,0,0,0.67,100.0,0.0
2019-09-17,38,9,2019,youtube,Trung Nguyên Legend,True,4,0,4,0,0.0,0.0,0.0
2021-07-05,27,7,2021,youtube,Trung Nguyên Legend,True,2,1,1,0,0.165,50.0,0.0
2023-04-14,15,4,2023,youtube,Trung Nguyên Legend,True,1,1,0,0,0.33,100.0,0.0
2021-06-30,26,6,2021,youtube,Trung Nguyên Legend,True,1,0,1,0,0.0,0.0,0.0
2022-01-22,3,1,2022,youtube,Trung Nguyên Legend,True,1,0,1,0,0.0,0.0,0.0
2022-09-08,36,9,2022,youtube,Trung Nguyên Legend,True,2,1,1,0,0.165,50.0,0.0
2019-09-04,36,9,2019,youtube,Trung Nguyên Legend,True,1,0,1,0,0.0,0.0,0.0
2025-08-10,32,8,2025,youtube,Trung Nguyên Legend,True,1,0,1,0,0.0,0.0,0.0
2022-07-07,27,7,2022,youtube,Trung Nguyên Legend,True,1,0,1,0,0.0,0.0,0.0
2024-10-23,43,10,2024,youtube,Trung Nguyên Legend,True,1,0,1,0,0.0,0.0,0.0
2019-06-12,24,6,2019,youtube,Highlands Coffee Vietnam,False,3,2,1,0,0.22,66.67,0.0
2024-04-25,17,4,2024,youtube,Highlands Coffee Vietnam,False,1,0,1,0,0.0,0.0,0.0
2021-04-14,15,4,2021,youtube,Trung Nguyên Legend,True,1,1,0,0,0.33,100.0,0.0
2021-12-26,51,12,2021,youtube,Trung Nguyên Legend,True,2,0,2,0,0.0,0.0,0.0
2023-05-16,20,5,2023,youtube,Trung Nguyên Legend,True,2,0,2,0,0.0,0.0,0.0
2024-10-10,41,10,2024,youtube,Trung Nguyên Legend,True,1,0,1,0,0.0,0.0,0.0
2023-08-06,31,8,2023,youtube,Trung Nguyên Legend,True,1,0,1,0,0.0,0.0,0.0
2020-07-31,31,7,2020,youtube,Trung Nguyên Legend,True,1,0,1,0,0.0,0.0,0.0
2022-10-02,39,10,2022,youtube,Trung Nguyên Legend,True,2,0,2,0,0.0,0.0,0.0
2022-11-29,48,11,2022,youtube,Trung Nguyên Legend,True,1,0,1,0,0.0,0.0,0.0
2023-10-24,43,10,2023,youtube,Trung Nguyên Legend,True,1,1,0,0,0.33,100.0,0.0
2021-08-21,33,8,2021,youtube,Trung Nguyên Legend,True,3,1,2,0,0.11,33.33,0.0
2022-04-23,16,4,2022,youtube,Trung Nguyên Legend,True,1,0,1,0,0.0,0.0,0.0
2020-09-28,40,9,2020,youtube,Trung Nguyên Legend,True,1,0,1,0,0.0,0.0,0.0
2022-01-31,5,1,2022,youtube,Trung Nguyên Legend,True,3,1,2,0,0.11,33.33,0.0
2021-06-14,24,6,2021,youtube,Trung Nguyên Legend,True,1,0,1,0,0.0,0.0,0.0
2021-05-15,19,5,2021,youtube,Trung Nguyên Legend,True,1,1,0,0,0.33,100.0,0.0
2026-03-26,13,3,2026,youtube,Trung Nguyên Legend,True,7,0,7,0,0.0,0.0,0.0
2024-07-20,29,7,2024,youtube,Highlands Coffee Vietnam,False,1,1,0,0,0.33,100.0,0.0
2024-01-11,2,1,2024,youtube,Trung Nguyên Legend,True,1,0,1,0,0.0,0.0,0.0
2021-12-01,48,12,2021,youtube,Gong Cha Vietnam,True,1,0,1,0,0.0,0.0,0.0
2020-06-30,27,6,2020,youtube,Trung Nguyên Legend,True,1,0,1,0,0.0,0.0,0.0
2025-02-10,7,2,2025,youtube,Trung Nguyên Legend,True,1,0,1,0,0.0,0.0,0.0
2023-12-23,51,12,2023,youtube,Trung Nguyên Legend,True,2,0,2,0,0.0,0.0,0.0
2022-09-29,39,9,2022,youtube,Trung Nguyên Legend,True,1,0,1,0,0.0,0.0,0.0
2024-01-12,2,1,2024,youtube,Trung Nguyên Legend,True,2,0,2,0,0.0,0.0,0.0
2024-12-11,50,12,2024,youtube,Trung Nguyên Legend,True,1,0,1,0,0.0,0.0,0.0
2024-06-07,23,6,2024,youtube,Trung Nguyên Legend,True,1,0,1,0,0.0,0.0,0.0
2020-01-10,2,1,2020,youtube,Highlands Coffee Vietnam,False,1,0,1,0,0.0,0.0,0.0
2024-01-25,4,1,2024,youtube,Trung Nguyên Legend,True,2,0,2,0,0.0,0.0,0.0
2024-03-17,11,3,2024,youtube,Trung Nguyên Legend,True,1,0,1,0,0.0,0.0,0.0
2026-03-31,14,3,2026,youtube,Trung Nguyên Legend,True,3,0,3,0,0.0,0.0,0.0
2022-10-25,43,10,2022,youtube,Trung Nguyên Legend,True,1,0,1,0,0.0,0.0,0.0
2025-10-02,40,10,2025,youtube,Trung Nguyên Legend,True,2,1,1,0,0.165,50.0,0.0
2025-02-13,7,2,2025,youtube,Highlands Coffee Vietnam,False,1,1,0,0,0.33,100.0,0.0
2024-05-19,20,5,2024,youtube,Trung Nguyên Legend,True,1,1,0,0,0.33,100.0,0.0
2023-05-27,21,5,2023,youtube,Trung Nguyên Legend,True,1,1,0,0,0.33,100.0,0.0
2020-08-11,33,8,2020,youtube,Trung Nguyên Legend,True,1,0,1,0,0.0,0.0,0.0
2019-12-14,50,12,2019,youtube,Trung Nguyên Legend,True,2,0,2,0,0.0,0.0,0.0
2024-04-01,14,4,2024,youtube,Trung Nguyên Legend,True,2,2,0,0,0.33,100.0,0.0
2025-10-31,44,10,2025,youtube,Trung Nguyên Legend,True,1,0,1,0,0.0,0.0,0.0
2019-06-24,26,6,2019,youtube,Trung Nguyên Legend,True,1,0,1,0,0.0,0.0,0.0
2022-06-25,25,6,2022,youtube,Trung Nguyên Legend,True,1,0,1,0,0.0,0.0,0.0
2025-11-18,47,11,2025,youtube,Trung Nguyên Legend,True,1,0,1,0,0.0,0.0,0.0
2021-01-18,3,1,2021,youtube,Trung Nguyên Legend,True,6,5,1,0,0.275,83.33,0.0
2023-07-05,27,7,2023,youtube,Trung Nguyên Legend,True,3,2,1,0,0.22,66.67,0.0
2020-01-15,3,1,2020,youtube,Highlands Coffee Vietnam,False,2,1,1,0,0.165,50.0,0.0
2022-05-21,20,5,2022,youtube,Trung Nguyên Legend,True,1,0,1,0,0.0,0.0,0.0
2022-04-06,14,4,2022,youtube,Trung Nguyên Legend,True,1,0,1,0,0.0,0.0,0.0
2025-03-31,14,3,2025,youtube,Trung Nguyên Legend,True,1,0,1,0,0.0,0.0,0.0
2025-01-03,1,1,2025,youtube,Trung Nguyên Legend,True,3,2,1,0,0.22,66.67,0.0
2019-06-18,25,6,2019,youtube,Trung Nguyên Legend,True,1,1,0,0,0.33,100.0,0.0
2023-08-30,35,8,2023,youtube,Trung Nguyên Legend,True,1,0,1,0,0.0,0.0,0.0
2023-09-02,35,9,2023,youtube,Trung Nguyên Legend,True,1,0,1,0,0.0,0.0,0.0
2025-02-01,5,2,2025,youtube,Trung Nguyên Legend,True,1,0,1,0,0.0,0.0,0.0
2025-11-15,46,11,2025,youtube,Trung Nguyên Legend,True,1,0,1,0,0.0,0.0,0.0
2022-11-08,45,11,2022,youtube,Cheese Coffee,True,1,0,1,0,0.0,0.0,0.0
2020-07-21,30,7,2020,youtube,Trung Nguyên Legend,True,1,1,0,0,0.33,100.0,0.0
2020-04-02,14,4,2020,youtube,Trung Nguyên Legend,True,1,0,1,0,0.0,0.0,0.0
2025-11-23,47,11,2025,youtube,Trung Nguyên Legend,True,1,0,1,0,0.0,0.0,0.0
2020-01-06,2,1,2020,youtube,Highlands Coffee Vietnam,False,7,4,3,0,0.1886,57.14,0.0
2024-08-02,31,8,2024,youtube,Trung Nguyên Legend,True,7,0,7,0,0.0,0.0,0.0
2024-02-25,8,2,2024,youtube,Trung Nguyên Legend,True,2,1,1,0,0.165,50.0,0.0
2020-07-20,30,7,2020,youtube,Trung Nguyên Legend,True,1,0,1,0,0.0,0.0,0.0
2023-10-11,41,10,2023,youtube,Trung Nguyên Legend,True,1,0,1,0,0.0,0.0,0.0
2022-09-10,36,9,2022,youtube,Trung Nguyên Legend,True,2,0,2,0,0.0,0.0,0.0
2023-07-16,28,7,2023,youtube,Trung Nguyên Legend,True,2,0,2,0,0.0,0.0,0.0
2024-04-06,14,4,2024,youtube,Trung Nguyên Legend,True,1,0,1,0,0.0,0.0,0.0
2021-01-24,3,1,2021,youtube,Trung Nguyên Legend,True,2,2,0,0,0.33,100.0,0.0
2025-02-12,7,2,2025,youtube,Trung Nguyên Legend,True,1,1,0,0,0.33,100.0,0.0
2020-01-16,3,1,2020,youtube,Highlands Coffee Vietnam,False,2,0,1,1,-0.165,0.0,50.0
2020-04-11,15,4,2020,youtube,Trung Nguyên Legend,True,1,0,1,0,0.0,0.0,0.0
2019-09-07,36,9,2019,youtube,Highlands Coffee Vietnam,False,1,0,1,0,0.0,0.0,0.0
2022-01-16,2,1,2022,youtube,Highlands Coffee Vietnam,False,1,0,1,0,0.0,0.0,0.0
2024-05-01,18,5,2024,youtube,Trung Nguyên Legend,True,1,0,1,0,0.0,0.0,0.0
2020-02-06,6,2,2020,youtube,Highlands Coffee Vietnam,False,1,1,0,0,0.33,100.0,0.0
2020-08-16,33,8,2020,youtube,Trung Nguyên Legend,True,1,0,1,0,0.0,0.0,0.0
2024-10-03,40,10,2024,youtube,Trung Nguyên Legend,True,1,1,0,0,0.33,100.0,0.0
2020-05-31,22,5,2020,youtube,Trung Nguyên Legend,True,1,1,0,0,0.67,100.0,0.0
2024-01-24,4,1,2024,youtube,Trung Nguyên Legend,True,3,1,2,0,0.11,33.33,0.0
2022-03-03,9,3,2022,youtube,Trung Nguyên Legend,True,1,1,0,0,0.67,100.0,0.0
2019-04-17,16,4,2019,youtube,Highlands Coffee Vietnam,False,1,0,1,0,0.0,0.0,0.0
2019-12-25,52,12,2019,youtube,Trung Nguyên Legend,True,2,0,2,0,0.0,0.0,0.0
2021-09-07,36,9,2021,youtube,Trung Nguyên Legend,True,2,0,2,0,0.0,0.0,0.0
2024-07-06,27,7,2024,youtube,Trung Nguyên Legend,True,2,0,2,0,0.0,0.0,0.0
2025-11-09,45,11,2025,youtube,Trung Nguyên Legend,True,1,0,1,0,0.0,0.0,0.0
2023-04-28,17,4,2023,youtube,Trung Nguyên Legend,True,2,0,2,0,0.0,0.0,0.0
2024-02-29,9,2,2024,youtube,Trung Nguyên Legend,True,2,0,2,0,0.0,0.0,0.0
2024-10-14,42,10,2024,youtube,Trung Nguyên Legend,True,1,1,0,0,0.33,100.0,0.0
2024-05-20,21,5,2024,youtube,Trung Nguyên Legend,True,7,0,7,0,0.0,0.0,0.0
2021-05-23,20,5,2021,youtube,Trung Nguyên Legend,True,1,0,1,0,0.0,0.0,0.0
2019-01-29,5,1,2019,youtube,Highlands Coffee Vietnam,False,2,1,1,0,0.165,50.0,0.0
2024-01-07,1,1,2024,youtube,Trung Nguyên Legend,True,4,2,1,1,0.335,50.0,25.0
2019-08-12,33,8,2019,youtube,Highlands Coffee Vietnam,False,1,0,1,0,0.0,0.0,0.0
2021-11-20,46,11,2021,youtube,Trung Nguyên Legend,True,1,0,1,0,0.0,0.0,0.0
2020-01-09,2,1,2020,youtube,Highlands Coffee Vietnam,False,3,0,3,0,0.0,0.0,0.0
2021-10-09,40,10,2021,youtube,Trung Nguyên Legend,True,2,1,1,0,0.165,50.0,0.0
2026-05-25,22,5,2026,youtube,Trung Nguyên Legend,True,1,0,1,0,0.0,0.0,0.0
2020-04-15,16,4,2020,youtube,Trung Nguyên Legend,True,4,3,1,0,0.2475,75.0,0.0
2024-05-21,21,5,2024,youtube,Trung Nguyên Legend,True,1,0,1,0,0.0,0.0,0.0
2023-10-03,40,10,2023,youtube,Trung Nguyên Legend,True,2,1,1,0,0.165,50.0,0.0
2024-07-02,27,7,2024,youtube,Trung Nguyên Legend,True,1,0,1,0,0.0,0.0,0.0
2019-11-12,46,11,2019,youtube,Highlands Coffee Vietnam,False,1,0,1,0,0.0,0.0,0.0
2025-03-08,10,3,2025,youtube,Trung Nguyên Legend,True,2,0,2,0,0.0,0.0,0.0
2023-12-14,50,12,2023,youtube,Trung Nguyên Legend,True,4,1,3,0,0.0825,25.0,0.0
2023-09-27,39,9,2023,youtube,Trung Nguyên Legend,True,1,0,1,0,0.0,0.0,0.0
2022-04-28,17,4,2022,youtube,Highlands Coffee Vietnam,False,1,0,1,0,0.0,0.0,0.0
2022-08-06,31,8,2022,youtube,Trung Nguyên Legend,True,1,0,1,0,0.0,0.0,0.0
2019-12-31,1,12,2019,youtube,Trung Nguyên Legend,True,3,0,3,0,0.0,0.0,0.0
2024-08-03,31,8,2024,youtube,Trung Nguyên Legend,True,2,0,2,0,0.0,0.0,0.0
2025-06-24,26,6,2025,youtube,Highlands Coffee Vietnam,False,1,1,0,0,0.33,100.0,0.0
2019-06-03,23,6,2019,youtube,Trung Nguyên Legend,True,1,0,1,0,0.0,0.0,0.0
2024-11-18,47,11,2024,youtube,Trung Nguyên Legend,True,2,1,1,0,0.165,50.0,0.0
2021-06-27,25,6,2021,youtube,Trung Nguyên Legend,True,1,0,1,0,0.0,0.0,0.0
2019-09-20,38,9,2019,youtube,Trung Nguyên Legend,True,5,0,5,0,0.0,0.0,0.0
2021-12-15,50,12,2021,youtube,Trung Nguyên Legend,True,1,0,1,0,0.0,0.0,0.0
2018-12-23,51,12,2018,youtube,Highlands Coffee Vietnam,False,1,0,1,0,0.0,0.0,0.0
2023-07-29,30,7,2023,youtube,Trung Nguyên Legend,True,1,0,1,0,0.0,0.0,0.0
2021-03-03,9,3,2021,youtube,Trung Nguyên Legend,True,4,1,2,1,0.0,25.0,25.0
2022-04-08,14,4,2022,youtube,Trung Nguyên Legend,True,1,0,1,0,0.0,0.0,0.0
2020-11-13,46,11,2020,youtube,Trung Nguyên Legend,True,1,0,1,0,0.0,0.0,0.0
2021-01-20,3,1,2021,youtube,Trung Nguyên Legend,True,1,1,0,0,0.33,100.0,0.0
2020-06-12,24,6,2020,youtube,Trung Nguyên Legend,True,2,0,2,0,0.0,0.0,0.0
2026-03-24,13,3,2026,youtube,Trung Nguyên Legend,True,2,0,2,0,0.0,0.0,0.0
2023-03-16,11,3,2023,youtube,Trung Nguyên Legend,True,2,1,1,0,0.165,50.0,0.0
2025-01-08,2,1,2025,youtube,Trung Nguyên Legend,True,1,1,0,0,0.33,100.0,0.0
2019-08-27,35,8,2019,youtube,Highlands Coffee Vietnam,False,1,1,0,0,0.33,100.0,0.0
2024-03-25,13,3,2024,youtube,Trung Nguyên Legend,True,1,0,1,0,0.0,0.0,0.0
2021-11-15,46,11,2021,youtube,Trung Nguyên Legend,True,1,0,1,0,0.0,0.0,0.0
2019-06-13,24,6,2019,youtube,Highlands Coffee Vietnam,False,1,0,1,0,0.0,0.0,0.0
2023-03-17,11,3,2023,youtube,Trung Nguyên Legend,True,1,0,1,0,0.0,0.0,0.0
2019-12-04,49,12,2019,youtube,Trung Nguyên Legend,True,1,1,0,0,0.33,100.0,0.0
2022-06-21,25,6,2022,youtube,Trung Nguyên Legend,True,1,1,0,0,0.33,100.0,0.0
2023-07-22,29,7,2023,youtube,Trung Nguyên Legend,True,1,0,1,0,0.0,0.0,0.0
2020-03-27,13,3,2020,youtube,Highlands Coffee Vietnam,False,1,1,0,0,0.33,100.0,0.0
2021-10-23,42,10,2021,youtube,Trung Nguyên Legend,True,1,0,1,0,0.0,0.0,0.0
2024-07-17,29,7,2024,youtube,Trung Nguyên Legend,True,1,0,1,0,0.0,0.0,0.0
2023-08-21,34,8,2023,youtube,Trung Nguyên Legend,True,2,0,2,0,0.0,0.0,0.0
2023-03-22,12,3,2023,youtube,Trung Nguyên Legend,True,1,0,1,0,0.0,0.0,0.0
2020-04-16,16,4,2020,youtube,Trung Nguyên Legend,True,1,1,0,0,0.33,100.0,0.0
2021-05-28,21,5,2021,youtube,Trung Nguyên Legend,True,1,1,0,0,0.33,100.0,0.0
2024-11-04,45,11,2024,youtube,Trung Nguyên Legend,True,2,0,2,0,0.0,0.0,0.0
2022-11-05,44,11,2022,youtube,Trung Nguyên Legend,True,1,0,1,0,0.0,0.0,0.0
2021-05-07,18,5,2021,youtube,Highlands Coffee Vietnam,False,2,1,1,0,0.335,50.0,0.0
2023-05-09,19,5,2023,youtube,Trung Nguyên Legend,True,1,0,1,0,0.0,0.0,0.0
2019-04-19,16,4,2019,youtube,Trung Nguyên Legend,True,7,3,4,0,0.19,42.86,0.0
2020-03-11,11,3,2020,youtube,Trung Nguyên Legend,True,1,0,1,0,0.0,0.0,0.0
2024-08-08,32,8,2024,youtube,Trung Nguyên Legend,True,1,0,1,0,0.0,0.0,0.0
2022-01-21,3,1,2022,youtube,Trung Nguyên Legend,True,1,0,1,0,0.0,0.0,0.0
2019-10-03,40,10,2019,youtube,Trung Nguyên Legend,True,1,1,0,0,0.33,100.0,0.0
2025-12-09,50,12,2025,youtube,Trung Nguyên Legend,True,3,0,3,0,0.0,0.0,0.0
2019-11-17,46,11,2019,youtube,Highlands Coffee Vietnam,False,2,0,1,1,-0.335,0.0,50.0
2019-12-15,50,12,2019,youtube,Cong Caphe,True,1,0,1,0,0.0,0.0,0.0
2024-09-30,40,9,2024,youtube,Trung Nguyên Legend,True,4,1,3,0,0.0825,25.0,0.0
2018-01-12,2,1,2018,youtube,Phuc Long,True,1,0,1,0,0.0,0.0,0.0
2020-05-06,19,5,2020,youtube,Trung Nguyên Legend,True,1,0,1,0,0.0,0.0,0.0
2023-02-09,6,2,2023,youtube,Trung Nguyên Legend,True,2,1,1,0,0.165,50.0,0.0
2021-09-19,37,9,2021,youtube,Trung Nguyên Legend,True,1,0,1,0,0.0,0.0,0.0
2019-08-31,35,8,2019,youtube,Highlands Coffee Vietnam,False,1,0,1,0,0.0,0.0,0.0
2023-12-17,50,12,2023,youtube,Trung Nguyên Legend,True,7,0,7,0,0.0,0.0,0.0
2022-06-02,22,6,2022,youtube,Highlands Coffee Vietnam,False,1,0,0,1,-0.33,0.0,100.0
2020-01-24,4,1,2020,youtube,Highlands Coffee Vietnam,False,1,0,1,0,0.0,0.0,0.0
2020-07-06,28,7,2020,youtube,Trung Nguyên Legend,True,1,0,1,0,0.0,0.0,0.0
2020-10-05,41,10,2020,youtube,Trung Nguyên Legend,True,1,0,1,0,0.0,0.0,0.0
2025-03-01,9,3,2025,youtube,Trung Nguyên Legend,True,2,1,1,0,0.165,50.0,0.0
2022-07-23,29,7,2022,youtube,Trung Nguyên Legend,True,1,0,1,0,0.0,0.0,0.0
2018-09-11,37,9,2018,youtube,Highlands Coffee Vietnam,False,1,0,1,0,0.0,0.0,0.0
2020-01-03,1,1,2020,youtube,Trung Nguyên Legend,True,1,1,0,0,0.33,100.0,0.0
2019-06-09,23,6,2019,youtube,Trung Nguyên Legend,True,1,0,1,0,0.0,0.0,0.0
2024-11-22,47,11,2024,youtube,Trung Nguyên Legend,True,1,0,1,0,0.0,0.0,0.0
2018-08-06,32,8,2018,youtube,Highlands Coffee Vietnam,False,1,1,0,0,0.33,100.0,0.0
2020-02-02,5,2,2020,youtube,Highlands Coffee Vietnam,False,1,0,1,0,0.0,0.0,0.0
2022-11-30,48,11,2022,youtube,Trung Nguyên Legend,True,1,1,0,0,0.33,100.0,0.0
2025-03-11,11,3,2025,youtube,Trung Nguyên Legend,True,2,0,2,0,0.0,0.0,0.0
2022-03-23,12,3,2022,youtube,Trung Nguyên Legend,True,1,0,1,0,0.0,0.0,0.0
2023-06-18,24,6,2023,youtube,Trung Nguyên Legend,True,2,0,2,0,0.0,0.0,0.0
2026-02-06,6,2,2026,youtube,Trung Nguyên Legend,True,1,0,1,0,0.0,0.0,0.0
2019-02-28,9,2,2019,youtube,Highlands Coffee Vietnam,False,1,0,1,0,0.0,0.0,0.0
2021-11-17,46,11,2021,youtube,Trung Nguyên Legend,True,2,0,2,0,0.0,0.0,0.0
2024-06-04,23,6,2024,youtube,Trung Nguyên Legend,True,3,0,3,0,0.0,0.0,0.0
2023-03-24,12,3,2023,youtube,Trung Nguyên Legend,True,4,0,4,0,0.0,0.0,0.0
2021-11-14,45,11,2021,youtube,Trung Nguyên Legend,True,1,0,1,0,0.0,0.0,0.0
2021-05-11,19,5,2021,youtube,Trung Nguyên Legend,True,1,0,1,0,0.0,0.0,0.0
2023-08-29,35,8,2023,youtube,Trung Nguyên Legend,True,2,0,2,0,0.0,0.0,0.0
2025-02-26,9,2,2025,youtube,Trung Nguyên Legend,True,1,0,1,0,0.0,0.0,0.0
2019-05-27,22,5,2019,youtube,Trung Nguyên Legend,True,2,0,2,0,0.0,0.0,0.0
2024-09-04,36,9,2024,youtube,Trung Nguyên Legend,True,2,2,0,0,0.33,100.0,0.0
2022-05-23,21,5,2022,youtube,Trung Nguyên Legend,True,1,0,1,0,0.0,0.0,0.0
2019-08-19,34,8,2019,youtube,Trung Nguyên Legend,True,1,0,1,0,0.0,0.0,0.0
2024-03-23,12,3,2024,youtube,Trung Nguyên Legend,True,1,0,1,0,0.0,0.0,0.0
2022-07-26,30,7,2022,youtube,Trung Nguyên Legend,True,1,0,1,0,0.0,0.0,0.0
2020-03-13,11,3,2020,youtube,Highlands Coffee Vietnam,False,1,1,0,0,0.33,100.0,0.0
2022-01-13,2,1,2022,youtube,Trung Nguyên Legend,True,4,1,3,0,0.0825,25.0,0.0
2022-11-10,45,11,2022,youtube,Trung Nguyên Legend,True,1,0,1,0,0.0,0.0,0.0
2024-04-03,14,4,2024,youtube,Trung Nguyên Legend,True,1,0,1,0,0.0,0.0,0.0
2022-05-06,18,5,2022,youtube,Trung Nguyên Legend,True,1,0,1,0,0.0,0.0,0.0
2024-11-05,45,11,2024,youtube,Trung Nguyên Legend,True,1,1,0,0,0.67,100.0,0.0
2026-01-02,1,1,2026,youtube,Trung Nguyên Legend,True,1,1,0,0,0.33,100.0,0.0
2025-01-11,2,1,2025,youtube,Trung Nguyên Legend,True,2,1,1,0,0.165,50.0,0.0
2020-10-01,40,10,2020,youtube,Trung Nguyên Legend,True,1,0,1,0,0.0,0.0,0.0
2019-09-25,39,9,2019,youtube,Trung Nguyên Legend,True,4,0,4,0,0.0,0.0,0.0
2022-05-12,19,5,2022,youtube,Highlands Coffee Vietnam,False,1,0,1,0,0.0,0.0,0.0
2025-10-01,40,10,2025,youtube,Trung Nguyên Legend,True,1,0,1,0,0.0,0.0,0.0
2024-01-05,1,1,2024,youtube,Trung Nguyên Legend,True,3,2,1,0,0.22,66.67,0.0
2019-08-23,34,8,2019,youtube,Highlands Coffee Vietnam,False,1,0,1,0,0.0,0.0,0.0
2022-04-22,16,4,2022,youtube,Trung Nguyên Legend,True,1,0,1,0,0.0,0.0,0.0
2026-03-09,11,3,2026,youtube,Trung Nguyên Legend,True,1,1,0,0,0.33,100.0,0.0
2022-03-27,12,3,2022,youtube,Highlands Coffee Vietnam,False,2,1,1,0,0.165,50.0,0.0
2023-03-13,11,3,2023,youtube,Trung Nguyên Legend,True,2,2,0,0,0.33,100.0,0.0
2022-05-19,20,5,2022,youtube,Gong Cha Vietnam,True,1,0,1,0,0.0,0.0,0.0
2026-04-01,14,4,2026,youtube,Trung Nguyên Legend,True,3,0,3,0,0.0,0.0,0.0
2022-05-14,19,5,2022,youtube,Trung Nguyên Legend,True,1,0,1,0,0.0,0.0,0.0
2019-11-13,46,11,2019,youtube,Highlands Coffee Vietnam,False,1,0,1,0,0.0,0.0,0.0
2021-07-28,30,7,2021,youtube,Trung Nguyên Legend,True,2,1,1,0,0.165,50.0,0.0
2023-08-03,31,8,2023,youtube,Highlands Coffee Vietnam,False,1,0,1,0,0.0,0.0,0.0
2021-11-12,45,11,2021,youtube,Trung Nguyên Legend,True,3,1,2,0,0.11,33.33,0.0
2019-11-20,47,11,2019,youtube,Trung Nguyên Legend,True,1,1,0,0,0.33,100.0,0.0
2024-01-26,4,1,2024,youtube,Trung Nguyên Legend,True,1,0,1,0,0.0,0.0,0.0
2025-05-05,19,5,2025,youtube,Trung Nguyên Legend,True,1,0,0,1,-0.33,0.0,100.0
2024-03-12,11,3,2024,youtube,Trung Nguyên Legend,True,1,0,1,0,0.0,0.0,0.0
2021-12-10,49,12,2021,youtube,Trung Nguyên Legend,True,1,0,1,0,0.0,0.0,0.0
2020-09-29,40,9,2020,youtube,Trung Nguyên Legend,True,1,1,0,0,0.33,100.0,0.0
2024-03-13,11,3,2024,youtube,Trung Nguyên Legend,True,3,2,1,0,0.4433,66.67,0.0
2025-03-09,10,3,2025,youtube,Trung Nguyên Legend,True,1,0,1,0,0.0,0.0,0.0
2024-05-09,19,5,2024,youtube,Trung Nguyên Legend,True,2,1,0,1,0.0,50.0,50.0
2022-02-08,6,2,2022,youtube,Trung Nguyên Legend,True,1,0,1,0,0.0,0.0,0.0
2019-02-13,7,2,2019,youtube,Highlands Coffee Vietnam,False,1,0,1,0,0.0,0.0,0.0
2021-07-25,29,7,2021,youtube,Trung Nguyên Legend,True,1,0,1,0,0.0,0.0,0.0
2021-06-18,24,6,2021,youtube,Trung Nguyên Legend,True,1,0,1,0,0.0,0.0,0.0
2019-10-25,43,10,2019,youtube,Highlands Coffee Vietnam,False,3,1,1,1,0.0,33.33,33.33
2023-06-05,23,6,2023,youtube,Trung Nguyên Legend,True,1,0,1,0,0.0,0.0,0.0
2025-02-19,8,2,2025,youtube,Trung Nguyên Legend,True,1,1,0,0,0.33,100.0,0.0
2019-08-29,35,8,2019,youtube,Highlands Coffee Vietnam,False,2,0,1,1,-0.165,0.0,50.0
2019-11-04,45,11,2019,youtube,Trung Nguyên Legend,True,1,0,1,0,0.0,0.0,0.0
2024-10-06,40,10,2024,youtube,Trung Nguyên Legend,True,1,0,1,0,0.0,0.0,0.0
2022-11-03,44,11,2022,youtube,Highlands Coffee Vietnam,False,1,0,1,0,0.0,0.0,0.0
2023-10-08,40,10,2023,youtube,Trung Nguyên Legend,True,2,0,2,0,0.0,0.0,0.0
2021-01-16,2,1,2021,youtube,Trung Nguyên Legend,True,1,1,0,0,0.33,100.0,0.0
2024-09-29,39,9,2024,youtube,Trung Nguyên Legend,True,1,0,1,0,0.0,0.0,0.0
2020-01-13,3,1,2020,youtube,Highlands Coffee Vietnam,False,5,2,3,0,0.132,40.0,0.0
2023-02-06,6,2,2023,youtube,Trung Nguyên Legend,True,1,0,1,0,0.0,0.0,0.0
2019-08-08,32,8,2019,youtube,Highlands Coffee Vietnam,False,1,0,1,0,0.0,0.0,0.0
2019-06-04,23,6,2019,youtube,Trung Nguyên Legend,True,1,0,1,0,0.0,0.0,0.0
2022-01-09,1,1,2022,youtube,Trung Nguyên Legend,True,4,0,4,0,0.0,0.0,0.0
2019-11-23,47,11,2019,youtube,Trung Nguyên Legend,True,2,0,2,0,0.0,0.0,0.0
2020-03-08,10,3,2020,youtube,Cong Caphe,True,1,0,1,0,0.0,0.0,0.0
2025-01-16,3,1,2025,youtube,Trung Nguyên Legend,True,1,0,1,0,0.0,0.0,0.0
2020-02-11,7,2,2020,youtube,Cong Caphe,True,1,1,0,0,0.33,100.0,0.0
2021-10-08,40,10,2021,youtube,Trung Nguyên Legend,True,1,1,0,0,0.67,100.0,0.0
2020-10-29,44,10,2020,youtube,Highlands Coffee Vietnam,False,1,0,1,0,0.0,0.0,0.0
2024-08-30,35,8,2024,youtube,Highlands Coffee Vietnam,False,1,1,0,0,0.33,100.0,0.0
2019-07-04,27,7,2019,youtube,Highlands Coffee Vietnam,False,1,1,0,0,0.67,100.0,0.0
2025-07-02,27,7,2025,youtube,Trung Nguyên Legend,True,1,0,1,0,0.0,0.0,0.0
2022-03-17,11,3,2022,youtube,Trung Nguyên Legend,True,1,0,1,0,0.0,0.0,0.0
2020-12-09,50,12,2020,youtube,Trung Nguyên Legend,True,1,0,1,0,0.0,0.0,0.0
2025-09-19,38,9,2025,youtube,Trung Nguyên Legend,True,1,0,1,0,0.0,0.0,0.0
2023-03-27,13,3,2023,youtube,Trung Nguyên Legend,True,1,0,1,0,0.0,0.0,0.0
2023-03-12,10,3,2023,youtube,Trung Nguyên Legend,True,3,1,2,0,0.11,33.33,0.0
2021-10-12,41,10,2021,youtube,Trung Nguyên Legend,True,1,1,0,0,0.33,100.0,0.0
2023-09-20,38,9,2023,youtube,Trung Nguyên Legend,True,1,0,1,0,0.0,0.0,0.0
2024-05-25,21,5,2024,youtube,Trung Nguyên Legend,True,1,0,1,0,0.0,0.0,0.0
2019-06-25,26,6,2019,youtube,Highlands Coffee Vietnam,False,1,1,0,0,0.33,100.0,0.0
2023-08-31,35,8,2023,youtube,Trung Nguyên Legend,True,3,0,3,0,0.0,0.0,0.0
2025-04-22,17,4,2025,youtube,Trung Nguyên Legend,True,3,0,3,0,0.0,0.0,0.0
2023-09-24,38,9,2023,youtube,Phuc Long,True,1,0,1,0,0.0,0.0,0.0
2019-10-01,40,10,2019,youtube,Highlands Coffee Vietnam,False,1,0,1,0,0.0,0.0,0.0
2023-12-13,50,12,2023,youtube,Trung Nguyên Legend,True,1,1,0,0,0.33,100.0,0.0
2020-12-25,52,12,2020,youtube,Trung Nguyên Legend,True,1,0,1,0,0.0,0.0,0.0
2021-10-11,41,10,2021,youtube,Trung Nguyên Legend,True,1,1,0,0,0.33,100.0,0.0
2022-04-04,14,4,2022,youtube,Highlands Coffee Vietnam,False,1,0,1,0,0.0,0.0,0.0
2023-12-25,52,12,2023,youtube,Trung Nguyên Legend,True,3,0,3,0,0.0,0.0,0.0
2019-07-16,29,7,2019,youtube,Highlands Coffee Vietnam,False,1,0,1,0,0.0,0.0,0.0
2020-05-03,18,5,2020,youtube,Trung Nguyên Legend,True,1,1,0,0,0.33,100.0,0.0
2020-01-07,2,1,2020,youtube,Highlands Coffee Vietnam,False,3,0,3,0,0.0,0.0,0.0
2021-03-22,12,3,2021,youtube,Trung Nguyên Legend,True,5,2,3,0,0.132,40.0,0.0
2026-04-03,14,4,2026,youtube,Trung Nguyên Legend,True,2,0,2,0,0.0,0.0,0.0
2022-02-16,7,2,2022,youtube,Trung Nguyên Legend,True,5,1,4,0,0.066,20.0,0.0
2020-01-14,3,1,2020,youtube,Trung Nguyên Legend,True,1,0,1,0,0.0,0.0,0.0
2018-03-10,10,3,2018,youtube,Highlands Coffee Vietnam,False,1,0,1,0,0.0,0.0,0.0
2024-09-17,38,9,2024,youtube,Trung Nguyên Legend,True,3,1,2,0,0.11,33.33,0.0
2026-04-23,17,4,2026,youtube,Trung Nguyên Legend,True,1,1,0,0,0.67,100.0,0.0
2019-06-06,23,6,2019,youtube,Highlands Coffee Vietnam,False,2,1,1,0,0.165,50.0,0.0
2022-09-20,38,9,2022,youtube,Trung Nguyên Legend,True,2,1,1,0,0.165,50.0,0.0
2024-03-01,9,3,2024,youtube,Trung Nguyên Legend,True,2,1,1,0,0.165,50.0,0.0
2026-04-05,14,4,2026,youtube,Trung Nguyên Legend,True,2,0,2,0,0.0,0.0,0.0
2022-01-14,2,1,2022,youtube,Trung Nguyên Legend,True,1,0,0,1,-0.33,0.0,100.0
2023-11-06,45,11,2023,youtube,Trung Nguyên Legend,True,1,0,1,0,0.0,0.0,0.0
2026-03-29,13,3,2026,youtube,Trung Nguyên Legend,True,1,0,1,0,0.0,0.0,0.0
2024-04-02,14,4,2024,youtube,Trung Nguyên Legend,True,1,0,1,0,0.0,0.0,0.0
2021-08-12,32,8,2021,youtube,Highlands Coffee Vietnam,False,2,0,2,0,0.0,0.0,0.0
2019-11-16,46,11,2019,youtube,Highlands Coffee Vietnam,False,1,0,1,0,0.0,0.0,0.0
2024-11-27,48,11,2024,youtube,Trung Nguyên Legend,True,1,0,1,0,0.0,0.0,0.0
2020-07-03,27,7,2020,youtube,Trung Nguyên Legend,True,1,1,0,0,0.33,100.0,0.0
2022-05-04,18,5,2022,youtube,Trung Nguyên Legend,True,2,0,2,0,0.0,0.0,0.0
2018-08-18,33,8,2018,youtube,Highlands Coffee Vietnam,False,1,0,1,0,0.0,0.0,0.0
2022-06-29,26,6,2022,youtube,Trung Nguyên Legend,True,1,0,1,0,0.0,0.0,0.0
2022-10-06,40,10,2022,youtube,Trung Nguyên Legend,True,1,0,1,0,0.0,0.0,0.0
2025-01-17,3,1,2025,youtube,Trung Nguyên Legend,True,1,0,1,0,0.0,0.0,0.0
2021-03-18,11,3,2021,youtube,Trung Nguyên Legend,True,1,1,0,0,0.33,100.0,0.0
2023-06-17,24,6,2023,youtube,Trung Nguyên Legend,True,1,0,1,0,0.0,0.0,0.0
2024-05-02,18,5,2024,youtube,Trung Nguyên Legend,True,1,0,1,0,0.0,0.0,0.0
2025-02-06,6,2,2025,youtube,Trung Nguyên Legend,True,1,0,1,0,0.0,0.0,0.0
2023-07-27,30,7,2023,youtube,Trung Nguyên Legend,True,1,1,0,0,0.33,100.0,0.0
2024-03-04,10,3,2024,youtube,Trung Nguyên Legend,True,2,0,2,0,0.0,0.0,0.0
2023-12-18,51,12,2023,youtube,Trung Nguyên Legend,True,15,2,13,0,0.044,13.33,0.0
2019-06-11,24,6,2019,youtube,Trung Nguyên Legend,True,2,0,2,0,0.0,0.0,0.0
2023-12-16,50,12,2023,youtube,Trung Nguyên Legend,True,8,1,7,0,0.0413,12.5,0.0
2022-11-07,45,11,2022,youtube,Trung Nguyên Legend,True,1,1,0,0,0.33,100.0,0.0
2019-07-05,27,7,2019,youtube,Highlands Coffee Vietnam,False,2,0,2,0,0.0,0.0,0.0
2020-06-29,27,6,2020,youtube,Trung Nguyên Legend,True,1,0,1,0,0.0,0.0,0.0
2018-12-16,50,12,2018,youtube,Highlands Coffee Vietnam,False,2,1,1,0,0.165,50.0,0.0
2023-10-15,41,10,2023,youtube,Trung Nguyên Legend,True,1,0,1,0,0.0,0.0,0.0
2018-12-29,52,12,2018,youtube,Highlands Coffee Vietnam,False,1,0,1,0,0.0,0.0,0.0
2021-02-17,7,2,2021,youtube,Trung Nguyên Legend,True,1,0,1,0,0.0,0.0,0.0
2023-12-22,51,12,2023,youtube,Trung Nguyên Legend,True,2,0,2,0,0.0,0.0,0.0
2020-03-15,11,3,2020,youtube,Trung Nguyên Legend,True,1,0,1,0,0.0,0.0,0.0
2022-06-04,22,6,2022,youtube,Highlands Coffee Vietnam,False,1,0,1,0,0.0,0.0,0.0
2022-10-17,42,10,2022,youtube,Trung Nguyên Legend,True,2,0,2,0,0.0,0.0,0.0
2023-09-30,39,9,2023,youtube,Trung Nguyên Legend,True,2,0,2,0,0.0,0.0,0.0
2024-03-09,10,3,2024,youtube,Trung Nguyên Legend,True,2,0,2,0,0.0,0.0,0.0
2025-11-04,45,11,2025,youtube,Trung Nguyên Legend,True,1,1,0,0,0.33,100.0,0.0
2021-12-09,49,12,2021,youtube,Trung Nguyên Legend,True,2,0,2,0,0.0,0.0,0.0
2021-06-25,25,6,2021,youtube,Trung Nguyên Legend,True,1,0,1,0,0.0,0.0,0.0
2020-10-04,40,10,2020,youtube,Trung Nguyên Legend,True,1,1,0,0,0.33,100.0,0.0
2021-03-30,13,3,2021,youtube,Trung Nguyên Legend,True,1,0,1,0,0.0,0.0,0.0
2022-09-19,38,9,2022,youtube,Trung Nguyên Legend,True,3,0,3,0,0.0,0.0,0.0
2020-10-14,42,10,2020,youtube,Trung Nguyên Legend,True,1,1,0,0,0.33,100.0,0.0
2023-10-16,42,10,2023,youtube,Trung Nguyên Legend,True,1,0,1,0,0.0,0.0,0.0
2023-07-04,27,7,2023,youtube,Trung Nguyên Legend,True,1,1,0,0,0.33,100.0,0.0
2019-10-28,44,10,2019,youtube,Highlands Coffee Vietnam,False,1,1,0,0,0.33,100.0,0.0
2025-01-21,4,1,2025,youtube,Trung Nguyên Legend,True,1,0,1,0,0.0,0.0,0.0
2019-06-20,25,6,2019,youtube,Trung Nguyên Legend,True,2,0,2,0,0.0,0.0,0.0
2022-08-15,33,8,2022,youtube,Trung Nguyên Legend,True,1,0,1,0,0.0,0.0,0.0
2020-09-05,36,9,2020,youtube,Trung Nguyên Legend,True,3,1,2,0,0.11,33.33,0.0
2023-06-11,23,6,2023,youtube,Trung Nguyên Legend,True,1,0,1,0,0.0,0.0,0.0
2019-06-14,24,6,2019,youtube,Highlands Coffee Vietnam,False,1,1,0,0,0.33,100.0,0.0
2019-06-25,26,6,2019,youtube,Trung Nguyên Legend,True,1,1,0,0,0.33,100.0,0.0
2022-01-20,3,1,2022,youtube,Trung Nguyên Legend,True,2,0,2,0,0.0,0.0,0.0
2025-09-11,37,9,2025,youtube,Trung Nguyên Legend,True,1,0,1,0,0.0,0.0,0.0
2022-11-27,47,11,2022,youtube,Phuc Long,True,1,0,1,0,0.0,0.0,0.0
2018-07-23,30,7,2018,youtube,Gong Cha Vietnam,True,1,0,1,0,0.0,0.0,0.0
2023-04-22,16,4,2023,youtube,Trung Nguyên Legend,True,1,0,1,0,0.0,0.0,0.0
2026-04-27,18,4,2026,youtube,Highlands Coffee Vietnam,False,1,0,0,1,-0.33,0.0,100.0
2024-07-30,31,7,2024,youtube,Trung Nguyên Legend,True,1,0,1,0,0.0,0.0,0.0
2019-11-18,47,11,2019,youtube,Trung Nguyên Legend,True,2,0,2,0,0.0,0.0,0.0
2020-02-20,8,2,2020,youtube,Highlands Coffee Vietnam,False,1,1,0,0,0.33,100.0,0.0
2025-07-10,28,7,2025,youtube,Trung Nguyên Legend,True,1,0,1,0,0.0,0.0,0.0
2020-07-28,31,7,2020,youtube,Trung Nguyên Legend,True,1,0,1,0,0.0,0.0,0.0
2024-01-09,2,1,2024,youtube,Trung Nguyên Legend,True,3,1,2,0,0.11,33.33,0.0
2019-09-19,38,9,2019,youtube,Trung Nguyên Legend,True,3,1,2,0,0.11,33.33,0.0
2023-08-25,34,8,2023,youtube,Trung Nguyên Legend,True,1,0,1,0,0.0,0.0,0.0
2021-12-08,49,12,2021,youtube,Trung Nguyên Legend,True,1,1,0,0,0.33,100.0,0.0
2019-05-02,18,5,2019,youtube,Trung Nguyên Legend,True,1,0,1,0,0.0,0.0,0.0
2019-12-17,51,12,2019,youtube,Highlands Coffee Vietnam,False,1,1,0,0,0.33,100.0,0.0
2021-12-21,51,12,2021,youtube,Trung Nguyên Legend,True,1,0,1,0,0.0,0.0,0.0
2025-05-10,19,5,2025,youtube,Trung Nguyên Legend,True,1,0,1,0,0.0,0.0,0.0
2019-11-01,44,11,2019,youtube,Trung Nguyên Legend,True,3,0,3,0,0.0,0.0,0.0
2020-07-07,28,7,2020,youtube,Trung Nguyên Legend,True,1,0,1,0,0.0,0.0,0.0
2020-12-07,50,12,2020,youtube,Trung Nguyên Legend,True,2,0,2,0,0.0,0.0,0.0
2023-03-27,13,3,2023,youtube,Highlands Coffee Vietnam,False,1,0,1,0,0.0,0.0,0.0
2022-07-14,28,7,2022,youtube,Trung Nguyên Legend,True,4,0,4,0,0.0,0.0,0.0
2023-07-28,30,7,2023,youtube,Trung Nguyên Legend,True,2,0,2,0,0.0,0.0,0.0
2024-07-26,30,7,2024,youtube,Trung Nguyên Legend,True,1,0,1,0,0.0,0.0,0.0
2024-06-03,23,6,2024,youtube,Trung Nguyên Legend,True,1,1,0,0,0.33,100.0,0.0
2022-05-08,18,5,2022,youtube,Trung Nguyên Legend,True,3,0,3,0,0.0,0.0,0.0
2026-03-23,13,3,2026,youtube,Trung Nguyên Legend,True,2,0,2,0,0.0,0.0,0.0
2021-05-30,21,5,2021,youtube,Trung Nguyên Legend,True,1,0,1,0,0.0,0.0,0.0
2021-03-27,12,3,2021,youtube,Trung Nguyên Legend,True,1,1,0,0,0.33,100.0,0.0
2021-11-13,45,11,2021,youtube,Trung Nguyên Legend,True,1,0,1,0,0.0,0.0,0.0
2021-03-14,10,3,2021,youtube,Trung Nguyên Legend,True,1,0,1,0,0.0,0.0,0.0
2023-08-03,31,8,2023,youtube,Trung Nguyên Legend,True,2,0,2,0,0.0,0.0,0.0
2026-04-30,18,4,2026,youtube,Trung Nguyên Legend,True,1,0,1,0,0.0,0.0,0.0
2024-03-28,13,3,2024,youtube,Trung Nguyên Legend,True,1,0,1,0,0.0,0.0,0.0
2026-03-21,12,3,2026,youtube,Highlands Coffee Vietnam,False,1,0,1,0,0.0,0.0,0.0
2020-04-21,17,4,2020,youtube,Trung Nguyên Legend,True,4,2,2,0,0.165,50.0,0.0
2024-01-29,5,1,2024,youtube,Trung Nguyên Legend,True,1,1,0,0,0.33,100.0,0.0
2019-07-09,28,7,2019,youtube,Highlands Coffee Vietnam,False,1,0,1,0,0.0,0.0,0.0
2026-01-21,4,1,2026,youtube,Trung Nguyên Legend,True,1,1,0,0,0.33,100.0,0.0
2022-05-20,20,5,2022,youtube,Trung Nguyên Legend,True,2,0,2,0,0.0,0.0,0.0
2023-03-29,13,3,2023,youtube,Trung Nguyên Legend,True,1,0,1,0,0.0,0.0,0.0
2024-04-09,15,4,2024,youtube,Trung Nguyên Legend,True,1,0,1,0,0.0,0.0,0.0
2024-09-12,37,9,2024,youtube,Trung Nguyên Legend,True,1,1,0,0,0.33,100.0,0.0
2019-07-05,27,7,2019,youtube,Trung Nguyên Legend,True,1,0,1,0,0.0,0.0,0.0
2019-09-16,38,9,2019,youtube,Trung Nguyên Legend,True,2,1,1,0,0.165,50.0,0.0
2024-03-20,12,3,2024,youtube,Trung Nguyên Legend,True,2,2,0,0,0.5,100.0,0.0
2025-12-05,49,12,2025,youtube,Trung Nguyên Legend,True,1,0,1,0,0.0,0.0,0.0
2019-09-28,39,9,2019,youtube,Trung Nguyên Legend,True,1,0,1,0,0.0,0.0,0.0
2019-12-03,49,12,2019,youtube,Trung Nguyên Legend,True,1,0,1,0,0.0,0.0,0.0
2022-02-15,7,2,2022,youtube,Trung Nguyên Legend,True,1,0,1,0,0.0,0.0,0.0
2025-08-05,32,8,2025,youtube,Trung Nguyên Legend,True,2,1,1,0,0.165,50.0,0.0
2022-12-24,51,12,2022,youtube,Trung Nguyên Legend,True,1,0,1,0,0.0,0.0,0.0
2020-01-29,5,1,2020,youtube,Highlands Coffee Vietnam,False,1,0,1,0,0.0,0.0,0.0
2021-11-10,45,11,2021,youtube,Trung Nguyên Legend,True,2,0,2,0,0.0,0.0,0.0
2024-09-08,36,9,2024,youtube,Phuc Long,True,1,0,1,0,0.0,0.0,0.0
2025-11-14,46,11,2025,youtube,Trung Nguyên Legend,True,1,0,1,0,0.0,0.0,0.0
2026-01-13,3,1,2026,youtube,Trung Nguyên Legend,True,1,0,1,0,0.0,0.0,0.0
2020-03-26,13,3,2020,youtube,Highlands Coffee Vietnam,False,1,0,1,0,0.0,0.0,0.0
2019-11-19,47,11,2019,youtube,Trung Nguyên Legend,True,1,0,1,0,0.0,0.0,0.0
2026-01-01,1,1,2026,youtube,Trung Nguyên Legend,True,3,0,3,0,0.0,0.0,0.0
2024-02-24,8,2,2024,youtube,Trung Nguyên Legend,True,2,1,1,0,0.165,50.0,0.0
2020-09-09,37,9,2020,youtube,Trung Nguyên Legend,True,1,0,1,0,0.0,0.0,0.0
2021-01-19,3,1,2021,youtube,Trung Nguyên Legend,True,1,0,1,0,0.0,0.0,0.0
2023-05-03,18,5,2023,youtube,Trung Nguyên Legend,True,1,0,1,0,0.0,0.0,0.0
2023-11-14,46,11,2023,youtube,Trung Nguyên Legend,True,1,0,1,0,0.0,0.0,0.0
2025-10-30,44,10,2025,youtube,Trung Nguyên Legend,True,1,0,0,1,-0.67,0.0,100.0
2023-12-03,48,12,2023,youtube,Trung Nguyên Legend,True,1,0,1,0,0.0,0.0,0.0
2024-08-15,33,8,2024,youtube,Highlands Coffee Vietnam,False,1,0,1,0,0.0,0.0,0.0
2023-05-25,21,5,2023,youtube,Cong Caphe,True,1,0,0,1,-0.33,0.0,100.0
2023-10-09,41,10,2023,youtube,Trung Nguyên Legend,True,1,0,1,0,0.0,0.0,0.0
2023-11-28,48,11,2023,youtube,Trung Nguyên Legend,True,1,0,1,0,0.0,0.0,0.0
2021-09-13,37,9,2021,youtube,Highlands Coffee Vietnam,False,1,0,1,0,0.0,0.0,0.0
2020-02-04,6,2,2020,youtube,Trung Nguyên Legend,True,1,1,0,0,0.33,100.0,0.0
2020-03-27,13,3,2020,youtube,Trung Nguyên Legend,True,1,0,1,0,0.0,0.0,0.0
2020-01-20,4,1,2020,youtube,Highlands Coffee Vietnam,False,1,0,1,0,0.0,0.0,0.0
2020-01-05,1,1,2020,youtube,Trung Nguyên Legend,True,1,0,1,0,0.0,0.0,0.0
2023-04-02,13,4,2023,youtube,Trung Nguyên Legend,True,1,0,1,0,0.0,0.0,0.0
2024-02-06,6,2,2024,youtube,Trung Nguyên Legend,True,1,1,0,0,0.33,100.0,0.0
2022-07-29,30,7,2022,youtube,Trung Nguyên Legend,True,1,0,1,0,0.0,0.0,0.0
2024-02-22,8,2,2024,youtube,Trung Nguyên Legend,True,3,1,2,0,0.11,33.33,0.0
2022-01-06,1,1,2022,youtube,Trung Nguyên Legend,True,1,0,1,0,0.0,0.0,0.0
2023-05-14,19,5,2023,youtube,Highlands Coffee Vietnam,False,1,0,1,0,0.0,0.0,0.0
2021-11-11,45,11,2021,youtube,Trung Nguyên Legend,True,2,0,2,0,0.0,0.0,0.0
2024-12-15,50,12,2024,youtube,Trung Nguyên Legend,True,2,1,1,0,0.165,50.0,0.0
2025-10-14,42,10,2025,youtube,Trung Nguyên Legend,True,1,0,1,0,0.0,0.0,0.0
2019-06-20,25,6,2019,youtube,Highlands Coffee Vietnam,False,2,0,2,0,0.0,0.0,0.0
2024-02-09,6,2,2024,youtube,Trung Nguyên Legend,True,3,2,1,0,0.22,66.67,0.0
2025-05-06,19,5,2025,youtube,Trung Nguyên Legend,True,1,1,0,0,0.33,100.0,0.0
2019-09-12,37,9,2019,youtube,Trung Nguyên Legend,True,2,0,2,0,0.0,0.0,0.0
2019-08-28,35,8,2019,youtube,Highlands Coffee Vietnam,False,1,0,1,0,0.0,0.0,0.0
2024-10-12,41,10,2024,youtube,Trung Nguyên Legend,True,1,0,1,0,0.0,0.0,0.0
2019-07-13,28,7,2019,youtube,Highlands Coffee Vietnam,False,2,1,1,0,0.165,50.0,0.0
2023-04-13,15,4,2023,youtube,Highlands Coffee Vietnam,False,1,0,1,0,0.0,0.0,0.0
2021-09-02,35,9,2021,youtube,Trung Nguyên Legend,True,3,1,2,0,0.11,33.33,0.0
2018-10-03,40,10,2018,youtube,Highlands Coffee Vietnam,False,1,0,1,0,0.0,0.0,0.0
2021-01-26,4,1,2021,youtube,Trung Nguyên Legend,True,2,2,0,0,0.33,100.0,0.0
2019-11-27,48,11,2019,youtube,Trung Nguyên Legend,True,2,0,2,0,0.0,0.0,0.0
2022-06-06,23,6,2022,youtube,Trung Nguyên Legend,True,1,1,0,0,0.33,100.0,0.0
2020-06-02,23,6,2020,youtube,Trung Nguyên Legend,True,2,0,2,0,0.0,0.0,0.0
2019-12-13,50,12,2019,youtube,Trung Nguyên Legend,True,1,0,1,0,0.0,0.0,0.0
2021-02-28,8,2,2021,youtube,Trung Nguyên Legend,True,1,1,0,0,0.33,100.0,0.0
2025-11-21,47,11,2025,youtube,Trung Nguyên Legend,True,1,0,1,0,0.0,0.0,0.0
2021-11-16,46,11,2021,youtube,Trung Nguyên Legend,True,2,1,1,0,0.165,50.0,0.0
2022-04-22,16,4,2022,youtube,Highlands Coffee Vietnam,False,1,0,1,0,0.0,0.0,0.0
2019-10-20,42,10,2019,youtube,Trung Nguyên Legend,True,1,0,1,0,0.0,0.0,0.0
2025-07-21,30,7,2025,youtube,Trung Nguyên Legend,True,1,0,1,0,0.0,0.0,0.0
2022-01-02,52,1,2022,youtube,Trung Nguyên Legend,True,2,0,2,0,0.0,0.0,0.0
2024-08-28,35,8,2024,youtube,Trung Nguyên Legend,True,1,0,1,0,0.0,0.0,0.0
2023-01-23,4,1,2023,youtube,Trung Nguyên Legend,True,1,1,0,0,0.33,100.0,0.0
2022-12-21,51,12,2022,youtube,Trung Nguyên Legend,True,1,0,1,0,0.0,0.0,0.0
2021-12-16,50,12,2021,youtube,Trung Nguyên Legend,True,1,1,0,0,0.33,100.0,0.0
2019-12-24,52,12,2019,youtube,Trung Nguyên Legend,True,1,0,1,0,0.0,0.0,0.0
2024-10-09,41,10,2024,youtube,Trung Nguyên Legend,True,3,2,1,0,0.22,66.67,0.0
2024-05-16,20,5,2024,youtube,Trung Nguyên Legend,True,1,1,0,0,0.67,100.0,0.0
2020-01-12,2,1,2020,youtube,Highlands Coffee Vietnam,False,3,1,2,0,0.11,33.33,0.0
2021-01-17,2,1,2021,youtube,Trung Nguyên Legend,True,1,0,1,0,0.0,0.0,0.0
2023-07-15,28,7,2023,youtube,Trung Nguyên Legend,True,1,0,1,0,0.0,0.0,0.0
2024-03-27,13,3,2024,youtube,Trung Nguyên Legend,True,1,0,1,0,0.0,0.0,0.0
2023-05-15,20,5,2023,youtube,Trung Nguyên Legend,True,1,0,1,0,0.0,0.0,0.0
2021-03-13,10,3,2021,youtube,Trung Nguyên Legend,True,3,1,2,0,0.11,33.33,0.0
2020-04-20,17,4,2020,youtube,Highlands Coffee Vietnam,False,1,1,0,0,0.33,100.0,0.0
2019-10-21,43,10,2019,youtube,Highlands Coffee Vietnam,False,2,1,1,0,0.165,50.0,0.0
2023-10-06,40,10,2023,youtube,Trung Nguyên Legend,True,3,0,3,0,0.0,0.0,0.0
2023-03-04,9,3,2023,youtube,Highlands Coffee Vietnam,False,1,0,1,0,0.0,0.0,0.0
2023-11-03,44,11,2023,youtube,Trung Nguyên Legend,True,1,0,1,0,0.0,0.0,0.0
2020-04-24,17,4,2020,youtube,Trung Nguyên Legend,True,1,0,1,0,0.0,0.0,0.0
2021-09-30,39,9,2021,youtube,Trung Nguyên Legend,True,1,1,0,0,0.33,100.0,0.0
2025-08-27,35,8,2025,youtube,Trung Nguyên Legend,True,1,0,1,0,0.0,0.0,0.0
2023-10-25,43,10,2023,youtube,Trung Nguyên Legend,True,1,0,1,0,0.0,0.0,0.0
2019-12-30,1,12,2019,youtube,Trung Nguyên Legend,True,1,1,0,0,0.33,100.0,0.0
2021-05-16,19,5,2021,youtube,Trung Nguyên Legend,True,1,0,1,0,0.0,0.0,0.0
2024-07-03,27,7,2024,youtube,Trung Nguyên Legend,True,1,1,0,0,0.33,100.0,0.0
2022-02-17,7,2,2022,youtube,Trung Nguyên Legend,True,2,0,2,0,0.0,0.0,0.0
2020-09-13,37,9,2020,youtube,Trung Nguyên Legend,True,2,0,2,0,0.0,0.0,0.0
2022-12-12,50,12,2022,youtube,Trung Nguyên Legend,True,1,0,1,0,0.0,0.0,0.0
2023-10-05,40,10,2023,youtube,Trung Nguyên Legend,True,1,0,1,0,0.0,0.0,0.0
2023-12-29,52,12,2023,youtube,Highlands Coffee Vietnam,False,1,0,1,0,0.0,0.0,0.0
2020-04-23,17,4,2020,youtube,Highlands Coffee Vietnam,False,1,1,0,0,0.33,100.0,0.0
2020-10-02,40,10,2020,youtube,Trung Nguyên Legend,True,2,1,1,0,0.165,50.0,0.0
2024-01-06,1,1,2024,youtube,Trung Nguyên Legend,True,1,0,1,0,0.0,0.0,0.0
2022-09-22,38,9,2022,youtube,Trung Nguyên Legend,True,9,3,6,0,0.11,33.33,0.0
2026-03-25,13,3,2026,youtube,Trung Nguyên Legend,True,9,1,8,0,0.0367,11.11,0.0
2019-08-07,32,8,2019,youtube,Highlands Coffee Vietnam,False,2,2,0,0,0.33,100.0,0.0
2024-01-18,3,1,2024,youtube,Trung Nguyên Legend,True,2,0,2,0,0.0,0.0,0.0
2019-06-28,26,6,2019,youtube,Trung Nguyên Legend,True,2,1,1,0,0.335,50.0,0.0
2025-12-06,49,12,2025,youtube,Trung Nguyên Legend,True,4,0,0,4,-0.67,0.0,100.0
2021-12-06,49,12,2021,youtube,Trung Nguyên Legend,True,2,0,2,0,0.0,0.0,0.0
2025-03-23,12,3,2025,youtube,Trung Nguyên Legend,True,1,0,1,0,0.0,0.0,0.0
2023-12-05,49,12,2023,youtube,Trung Nguyên Legend,True,1,1,0,0,0.67,100.0,0.0
2022-10-30,43,10,2022,youtube,Highlands Coffee Vietnam,False,1,0,1,0,0.0,0.0,0.0
2022-12-13,50,12,2022,youtube,Trung Nguyên Legend,True,1,0,1,0,0.0,0.0,0.0
2020-01-01,1,1,2020,youtube,Highlands Coffee Vietnam,False,4,1,3,0,0.0825,25.0,0.0
2024-08-04,31,8,2024,youtube,Trung Nguyên Legend,True,4,4,0,0,0.33,100.0,0.0
2022-01-29,4,1,2022,youtube,Trung Nguyên Legend,True,2,1,1,0,0.165,50.0,0.0
2021-08-14,32,8,2021,youtube,Highlands Coffee Vietnam,False,1,0,1,0,0.0,0.0,0.0
2020-03-29,13,3,2020,youtube,Highlands Coffee Vietnam,False,2,2,0,0,0.67,100.0,0.0
2026-01-24,4,1,2026,youtube,Trung Nguyên Legend,True,1,0,1,0,0.0,0.0,0.0
2023-05-25,21,5,2023,youtube,Trung Nguyên Legend,True,1,0,1,0,0.0,0.0,0.0
2021-09-29,39,9,2021,youtube,Phuc Long,True,1,0,1,0,0.0,0.0,0.0
2020-04-06,15,4,2020,youtube,Trung Nguyên Legend,True,1,0,1,0,0.0,0.0,0.0
2026-02-07,6,2,2026,youtube,Trung Nguyên Legend,True,1,0,1,0,0.0,0.0,0.0
2022-02-28,9,2,2022,youtube,Trung Nguyên Legend,True,3,0,3,0,0.0,0.0,0.0
2022-11-17,46,11,2022,youtube,Trung Nguyên Legend,True,1,0,1,0,0.0,0.0,0.0
2022-10-11,41,10,2022,youtube,Trung Nguyên Legend,True,2,0,2,0,0.0,0.0,0.0
2020-12-01,49,12,2020,youtube,Trung Nguyên Legend,True,2,1,1,0,0.165,50.0,0.0
2022-05-30,22,5,2022,youtube,Trung Nguyên Legend,True,1,0,1,0,0.0,0.0,0.0
2023-02-20,8,2,2023,youtube,Trung Nguyên Legend,True,1,1,0,0,0.33,100.0,0.0
2019-10-23,43,10,2019,youtube,Highlands Coffee Vietnam,False,2,1,1,0,0.165,50.0,0.0
2019-05-28,22,5,2019,youtube,Trung Nguyên Legend,True,2,0,2,0,0.0,0.0,0.0
2022-09-18,37,9,2022,youtube,Trung Nguyên Legend,True,1,1,0,0,0.33,100.0,0.0
2019-12-28,52,12,2019,youtube,Trung Nguyên Legend,True,1,1,0,0,0.33,100.0,0.0
2023-08-14,33,8,2023,youtube,Highlands Coffee Vietnam,False,2,1,1,0,0.165,50.0,0.0
2024-09-18,38,9,2024,youtube,Trung Nguyên Legend,True,2,0,2,0,0.0,0.0,0.0
2024-04-12,15,4,2024,youtube,Trung Nguyên Legend,True,2,1,1,0,0.165,50.0,0.0
2024-03-03,9,3,2024,youtube,Trung Nguyên Legend,True,1,0,1,0,0.0,0.0,0.0
2019-09-06,36,9,2019,youtube,Trung Nguyên Legend,True,1,0,1,0,0.0,0.0,0.0
2021-07-20,29,7,2021,youtube,Trung Nguyên Legend,True,1,0,1,0,0.0,0.0,0.0
2019-06-23,25,6,2019,youtube,Trung Nguyên Legend,True,1,0,1,0,0.0,0.0,0.0
2024-01-31,5,1,2024,youtube,Trung Nguyên Legend,True,1,0,1,0,0.0,0.0,0.0
2023-03-01,9,3,2023,youtube,Trung Nguyên Legend,True,2,1,1,0,0.335,50.0,0.0
2019-04-20,16,4,2019,youtube,Trung Nguyên Legend,True,2,0,2,0,0.0,0.0,0.0
2025-11-01,44,11,2025,youtube,Trung Nguyên Legend,True,1,0,1,0,0.0,0.0,0.0
2021-12-18,50,12,2021,youtube,Trung Nguyên Legend,True,1,0,1,0,0.0,0.0,0.0
2026-02-04,6,2,2026,youtube,Trung Nguyên Legend,True,1,1,0,0,0.33,100.0,0.0
2019-09-18,38,9,2019,youtube,Trung Nguyên Legend,True,2,0,2,0,0.0,0.0,0.0
2024-03-30,13,3,2024,youtube,Trung Nguyên Legend,True,1,0,1,0,0.0,0.0,0.0
2022-12-25,51,12,2022,youtube,Highlands Coffee Vietnam,False,1,0,1,0,0.0,0.0,0.0
2020-01-01,1,1,2020,youtube,Trung Nguyên Legend,True,1,0,1,0,0.0,0.0,0.0
2022-06-09,23,6,2022,youtube,Trung Nguyên Legend,True,1,0,1,0,0.0,0.0,0.0
2023-02-22,8,2,2023,youtube,Phuc Long,True,1,0,1,0,0.0,0.0,0.0
2021-08-01,30,8,2021,youtube,Trung Nguyên Legend,True,1,0,1,0,0.0,0.0,0.0
2019-11-21,47,11,2019,youtube,Highlands Coffee Vietnam,False,1,0,1,0,0.0,0.0,0.0
2020-05-16,20,5,2020,youtube,Trung Nguyên Legend,True,3,1,2,0,0.11,33.33,0.0
2020-01-04,1,1,2020,youtube,Highlands Coffee Vietnam,False,1,0,1,0,0.0,0.0,0.0
2025-12-24,52,12,2025,youtube,Trung Nguyên Legend,True,1,1,0,0,0.33,100.0,0.0
2021-12-31,52,12,2021,youtube,Trung Nguyên Legend,True,1,0,1,0,0.0,0.0,0.0
2021-12-01,48,12,2021,youtube,Trung Nguyên Legend,True,1,0,1,0,0.0,0.0,0.0
2025-05-24,21,5,2025,youtube,Highlands Coffee Vietnam,False,1,0,1,0,0.0,0.0,0.0
2022-10-01,39,10,2022,youtube,Trung Nguyên Legend,True,2,0,2,0,0.0,0.0,0.0
2020-09-22,39,9,2020,youtube,Trung Nguyên Legend,True,1,1,0,0,0.33,100.0,0.0
2023-06-19,25,6,2023,youtube,Highlands Coffee Vietnam,False,1,0,1,0,0.0,0.0,0.0
2022-06-17,24,6,2022,youtube,Trung Nguyên Legend,True,2,1,1,0,0.165,50.0,0.0
2020-02-22,8,2,2020,youtube,Highlands Coffee Vietnam,False,1,0,1,0,0.0,0.0,0.0
2022-05-07,18,5,2022,youtube,Highlands Coffee Vietnam,False,1,0,1,0,0.0,0.0,0.0
2023-12-21,51,12,2023,youtube,Trung Nguyên Legend,True,5,1,4,0,0.066,20.0,0.0
2023-05-23,21,5,2023,youtube,Trung Nguyên Legend,True,1,1,0,0,0.33,100.0,0.0
2024-09-10,37,9,2024,youtube,Trung Nguyên Legend,True,3,1,2,0,0.11,33.33,0.0
2024-02-04,5,2,2024,youtube,Trung Nguyên Legend,True,1,0,1,0,0.0,0.0,0.0
2023-12-01,48,12,2023,youtube,Trung Nguyên Legend,True,3,0,3,0,0.0,0.0,0.0
2024-12-24,52,12,2024,youtube,Trung Nguyên Legend,True,1,0,1,0,0.0,0.0,0.0
2023-12-15,50,12,2023,youtube,Trung Nguyên Legend,True,13,1,12,0,0.0254,7.69,0.0
2021-07-16,28,7,2021,youtube,Trung Nguyên Legend,True,1,1,0,0,0.33,100.0,0.0
2024-03-01,9,3,2024,youtube,Cong Caphe,True,1,0,1,0,0.0,0.0,0.0
2026-02-19,8,2,2026,youtube,Trung Nguyên Legend,True,2,1,1,0,0.165,50.0,0.0
2023-04-13,15,4,2023,youtube,Trung Nguyên Legend,True,1,0,1,0,0.0,0.0,0.0
2025-01-23,4,1,2025,youtube,Trung Nguyên Legend,True,1,0,1,0,0.0,0.0,0.0
2023-10-07,40,10,2023,youtube,Trung Nguyên Legend,True,2,1,1,0,0.335,50.0,0.0
2017-12-31,52,12,2017,youtube,Highlands Coffee Vietnam,False,1,0,1,0,0.0,0.0,0.0
2025-07-25,30,7,2025,youtube,Trung Nguyên Legend,True,1,1,0,0,0.33,100.0,0.0
2024-02-01,5,2,2024,youtube,Trung Nguyên Legend,True,2,0,2,0,0.0,0.0,0.0
2021-07-27,30,7,2021,youtube,Trung Nguyên Legend,True,1,0,1,0,0.0,0.0,0.0
2020-08-06,32,8,2020,youtube,Trung Nguyên Legend,True,1,1,0,0,0.33,100.0,0.0
2020-10-31,44,10,2020,youtube,Trung Nguyên Legend,True,1,1,0,0,0.33,100.0,0.0
2025-03-15,11,3,2025,youtube,Trung Nguyên Legend,True,2,1,1,0,0.165,50.0,0.0
2018-12-30,52,12,2018,youtube,Highlands Coffee Vietnam,False,1,0,1,0,0.0,0.0,0.0
2024-01-15,3,1,2024,youtube,Trung Nguyên Legend,True,2,0,2,0,0.0,0.0,0.0
2022-10-16,41,10,2022,youtube,Trung Nguyên Legend,True,1,0,1,0,0.0,0.0,0.0
2025-09-05,36,9,2025,youtube,Trung Nguyên Legend,True,1,0,1,0,0.0,0.0,0.0
2019-09-15,37,9,2019,youtube,Trung Nguyên Legend,True,1,0,1,0,0.0,0.0,0.0
2021-08-14,32,8,2021,youtube,Trung Nguyên Legend,True,1,0,1,0,0.0,0.0,0.0
2024-06-05,23,6,2024,youtube,Trung Nguyên Legend,True,1,0,1,0,0.0,0.0,0.0
2023-07-01,26,7,2023,youtube,Trung Nguyên Legend,True,1,0,1,0,0.0,0.0,0.0
2022-04-14,15,4,2022,youtube,Trung Nguyên Legend,True,1,0,1,0,0.0,0.0,0.0
2024-03-08,10,3,2024,youtube,Trung Nguyên Legend,True,1,1,0,0,0.33,100.0,0.0
2024-11-17,46,11,2024,youtube,Trung Nguyên Legend,True,1,0,0,1,-0.33,0.0,100.0
2023-01-10,2,1,2023,youtube,Highlands Coffee Vietnam,False,1,0,1,0,0.0,0.0,0.0
2020-07-04,27,7,2020,youtube,Trung Nguyên Legend,True,1,0,1,0,0.0,0.0,0.0
2023-03-09,10,3,2023,youtube,Trung Nguyên Legend,True,1,0,1,0,0.0,0.0,0.0
2024-04-16,16,4,2024,youtube,Trung Nguyên Legend,True,1,1,0,0,0.33,100.0,0.0
2024-06-14,24,6,2024,youtube,Trung Nguyên Legend,True,4,1,3,0,0.0825,25.0,0.0
2025-08-13,33,8,2025,youtube,Highlands Coffee Vietnam,False,1,0,1,0,0.0,0.0,0.0
2024-01-10,2,1,2024,youtube,Trung Nguyên Legend,True,2,0,2,0,0.0,0.0,0.0
2019-09-13,37,9,2019,youtube,Trung Nguyên Legend,True,3,1,2,0,0.11,33.33,0.0
2022-10-22,42,10,2022,youtube,Trung Nguyên Legend,True,1,0,1,0,0.0,0.0,0.0
2023-03-03,9,3,2023,youtube,Trung Nguyên Legend,True,2,1,1,0,0.165,50.0,0.0
2020-07-13,29,7,2020,youtube,Trung Nguyên Legend,True,1,0,1,0,0.0,0.0,0.0
2023-10-04,40,10,2023,youtube,Trung Nguyên Legend,True,1,0,1,0,0.0,0.0,0.0
2022-10-24,43,10,2022,youtube,Trung Nguyên Legend,True,1,1,0,0,0.33,100.0,0.0
2023-01-06,1,1,2023,youtube,Trung Nguyên Legend,True,1,0,1,0,0.0,0.0,0.0
2021-12-30,52,12,2021,youtube,Trung Nguyên Legend,True,1,0,1,0,0.0,0.0,0.0
2022-04-30,17,4,2022,youtube,Trung Nguyên Legend,True,1,0,1,0,0.0,0.0,0.0
2025-12-14,50,12,2025,youtube,Trung Nguyên Legend,True,1,0,1,0,0.0,0.0,0.0
2021-05-26,21,5,2021,youtube,Trung Nguyên Legend,True,1,0,1,0,0.0,0.0,0.0
2019-07-24,30,7,2019,youtube,Trung Nguyên Legend,True,1,0,1,0,0.0,0.0,0.0
2023-10-29,43,10,2023,youtube,Trung Nguyên Legend,True,1,0,1,0,0.0,0.0,0.0
2018-02-13,7,2,2018,youtube,Highlands Coffee Vietnam,False,1,1,0,0,0.33,100.0,0.0
2022-12-18,50,12,2022,youtube,Trung Nguyên Legend,True,1,0,1,0,0.0,0.0,0.0
2019-11-14,46,11,2019,youtube,Highlands Coffee Vietnam,False,2,2,0,0,0.33,100.0,0.0
2021-12-05,48,12,2021,youtube,Trung Nguyên Legend,True,1,0,1,0,0.0,0.0,0.0
2019-06-29,26,6,2019,youtube,Highlands Coffee Vietnam,False,1,1,0,0,0.33,100.0,0.0
2025-06-22,25,6,2025,youtube,Trung Nguyên Legend,True,1,0,1,0,0.0,0.0,0.0
2026-04-04,14,4,2026,youtube,Trung Nguyên Legend,True,2,1,1,0,0.165,50.0,0.0
2021-11-28,47,11,2021,youtube,Trung Nguyên Legend,True,1,0,1,0,0.0,0.0,0.0
2022-10-29,43,10,2022,youtube,Phuc Long,True,1,1,0,0,0.33,100.0,0.0
2022-06-02,22,6,2022,youtube,Trung Nguyên Legend,True,1,0,1,0,0.0,0.0,0.0
2020-01-27,5,1,2020,youtube,Highlands Coffee Vietnam,False,1,0,1,0,0.0,0.0,0.0
2020-06-03,23,6,2020,youtube,Trung Nguyên Legend,True,1,1,0,0,0.67,100.0,0.0
2022-03-29,13,3,2022,youtube,Highlands Coffee Vietnam,False,1,0,1,0,0.0,0.0,0.0
2019-08-27,35,8,2019,youtube,Trung Nguyên Legend,True,2,1,1,0,0.165,50.0,0.0
2021-02-11,6,2,2021,youtube,Trung Nguyên Legend,True,1,0,1,0,0.0,0.0,0.0
2022-04-24,16,4,2022,youtube,Trung Nguyên Legend,True,1,0,1,0,0.0,0.0,0.0
2023-03-04,9,3,2023,youtube,Trung Nguyên Legend,True,1,0,1,0,0.0,0.0,0.0
2024-11-02,44,11,2024,youtube,Trung Nguyên Legend,True,3,0,3,0,0.0,0.0,0.0
2021-03-20,11,3,2021,youtube,Trung Nguyên Legend,True,3,0,3,0,0.0,0.0,0.0
2019-10-15,42,10,2019,youtube,Highlands Coffee Vietnam,False,1,0,1,0,0.0,0.0,0.0
2020-01-18,3,1,2020,youtube,Highlands Coffee Vietnam,False,1,0,1,0,0.0,0.0,0.0
2020-07-09,28,7,2020,youtube,Trung Nguyên Legend,True,3,1,2,0,0.11,33.33,0.0
2023-10-31,44,10,2023,youtube,Trung Nguyên Legend,True,2,0,2,0,0.0,0.0,0.0
2024-10-01,40,10,2024,youtube,Trung Nguyên Legend,True,1,0,1,0,0.0,0.0,0.0
2019-05-24,21,5,2019,youtube,Trung Nguyên Legend,True,2,1,1,0,0.165,50.0,0.0
2019-09-29,39,9,2019,youtube,Trung Nguyên Legend,True,3,0,3,0,0.0,0.0,0.0
2023-01-30,5,1,2023,youtube,Trung Nguyên Legend,True,2,0,2,0,0.0,0.0,0.0
2025-04-26,17,4,2025,youtube,Trung Nguyên Legend,True,1,0,1,0,0.0,0.0,0.0
2022-10-18,42,10,2022,youtube,Trung Nguyên Legend,True,1,0,1,0,0.0,0.0,0.0
2023-04-29,17,4,2023,youtube,Trung Nguyên Legend,True,3,2,1,0,0.22,66.67,0.0
2020-07-02,27,7,2020,youtube,Trung Nguyên Legend,True,1,0,1,0,0.0,0.0,0.0
2019-10-08,41,10,2019,youtube,Highlands Coffee Vietnam,False,1,0,1,0,0.0,0.0,0.0
2021-12-14,50,12,2021,youtube,Trung Nguyên Legend,True,4,0,4,0,0.0,0.0,0.0
2019-07-14,28,7,2019,youtube,Highlands Coffee Vietnam,False,1,0,1,0,0.0,0.0,0.0
2023-04-30,17,4,2023,youtube,Trung Nguyên Legend,True,1,0,1,0,0.0,0.0,0.0
2021-05-27,21,5,2021,youtube,Trung Nguyên Legend,True,1,0,1,0,0.0,0.0,0.0
2021-11-02,44,11,2021,youtube,Trung Nguyên Legend,True,1,0,1,0,0.0,0.0,0.0
2023-11-27,48,11,2023,youtube,Trung Nguyên Legend,True,4,1,2,1,0.0,25.0,25.0
2021-12-22,51,12,2021,youtube,Trung Nguyên Legend,True,1,0,1,0,0.0,0.0,0.0
2024-11-12,46,11,2024,youtube,Highlands Coffee Vietnam,False,1,0,1,0,0.0,0.0,0.0
2024-12-03,49,12,2024,youtube,Trung Nguyên Legend,True,1,0,1,0,0.0,0.0,0.0
2020-02-07,6,2,2020,youtube,Trung Nguyên Legend,True,1,0,1,0,0.0,0.0,0.0
2019-08-20,34,8,2019,youtube,Highlands Coffee Vietnam,False,2,0,2,0,0.0,0.0,0.0
2026-04-06,15,4,2026,youtube,Trung Nguyên Legend,True,1,0,1,0,0.0,0.0,0.0
2021-06-11,23,6,2021,youtube,Trung Nguyên Legend,True,1,0,1,0,0.0,0.0,0.0
2022-08-30,35,8,2022,youtube,Trung Nguyên Legend,True,1,0,1,0,0.0,0.0,0.0
2019-02-11,7,2,2019,youtube,Highlands Coffee Vietnam,False,1,0,1,0,0.0,0.0,0.0
2022-12-10,49,12,2022,youtube,Trung Nguyên Legend,True,1,0,1,0,0.0,0.0,0.0
2022-03-12,10,3,2022,youtube,Trung Nguyên Legend,True,2,0,2,0,0.0,0.0,0.0
2019-05-29,22,5,2019,youtube,Trung Nguyên Legend,True,1,0,1,0,0.0,0.0,0.0
2023-11-29,48,11,2023,youtube,Trung Nguyên Legend,True,1,0,1,0,0.0,0.0,0.0
2023-12-04,49,12,2023,youtube,Trung Nguyên Legend,True,1,0,1,0,0.0,0.0,0.0
2019-04-23,17,4,2019,youtube,Trung Nguyên Legend,True,2,1,1,0,0.165,50.0,0.0
2022-01-10,2,1,2022,youtube,Trung Nguyên Legend,True,1,0,1,0,0.0,0.0,0.0
2021-02-22,8,2,2021,youtube,Trung Nguyên Legend,True,1,0,1,0,0.0,0.0,0.0
2020-01-31,5,1,2020,youtube,Trung Nguyên Legend,True,2,0,2,0,0.0,0.0,0.0
2021-05-12,19,5,2021,youtube,Trung Nguyên Legend,True,1,0,1,0,0.0,0.0,0.0
2019-09-21,38,9,2019,youtube,Trung Nguyên Legend,True,9,0,9,0,0.0,0.0,0.0
2023-02-25,8,2,2023,youtube,Trung Nguyên Legend,True,2,0,2,0,0.0,0.0,0.0
2021-08-06,31,8,2021,youtube,Highlands Coffee Vietnam,False,1,0,1,0,0.0,0.0,0.0
2020-09-11,37,9,2020,youtube,Highlands Coffee Vietnam,False,1,0,1,0,0.0,0.0,0.0
2022-07-28,30,7,2022,youtube,Trung Nguyên Legend,True,1,0,1,0,0.0,0.0,0.0
2026-02-17,8,2,2026,youtube,Trung Nguyên Legend,True,3,2,1,0,0.22,66.67,0.0
2024-02-28,9,2,2024,youtube,Trung Nguyên Legend,True,3,1,2,0,0.2233,33.33,0.0
2019-09-04,36,9,2019,youtube,Highlands Coffee Vietnam,False,2,0,2,0,0.0,0.0,0.0
2024-10-31,44,10,2024,youtube,Trung Nguyên Legend,True,2,0,2,0,0.0,0.0,0.0
2022-09-12,37,9,2022,youtube,Trung Nguyên Legend,True,1,0,1,0,0.0,0.0,0.0
2024-10-17,42,10,2024,youtube,Trung Nguyên Legend,True,1,0,1,0,0.0,0.0,0.0
2023-01-16,3,1,2023,youtube,Trung Nguyên Legend,True,1,0,1,0,0.0,0.0,0.0
2021-01-11,2,1,2021,youtube,Trung Nguyên Legend,True,1,0,1,0,0.0,0.0,0.0
2021-01-12,2,1,2021,youtube,Highlands Coffee Vietnam,False,1,1,0,0,0.33,100.0,0.0
2020-01-03,1,1,2020,youtube,Highlands Coffee Vietnam,False,11,3,8,0,0.09,27.27,0.0
2024-09-05,36,9,2024,youtube,Trung Nguyên Legend,True,1,0,1,0,0.0,0.0,0.0
2019-05-30,22,5,2019,youtube,Trung Nguyên Legend,True,2,0,2,0,0.0,0.0,0.0
2022-02-01,5,2,2022,youtube,Trung Nguyên Legend,True,3,0,3,0,0.0,0.0,0.0
2023-08-22,34,8,2023,youtube,Trung Nguyên Legend,True,1,0,1,0,0.0,0.0,0.0
2022-11-14,46,11,2022,youtube,Cheese Coffee,True,1,0,1,0,0.0,0.0,0.0
2025-01-15,3,1,2025,youtube,Trung Nguyên Legend,True,1,0,1,0,0.0,0.0,0.0
2022-09-26,39,9,2022,youtube,Trung Nguyên Legend,True,1,0,1,0,0.0,0.0,0.0
2020-09-27,39,9,2020,youtube,Trung Nguyên Legend,True,1,1,0,0,0.33,100.0,0.0
2019-02-09,6,2,2019,youtube,Highlands Coffee Vietnam,False,1,0,1,0,0.0,0.0,0.0
2019-09-27,39,9,2019,youtube,Trung Nguyên Legend,True,1,0,1,0,0.0,0.0,0.0
2022-02-20,7,2,2022,youtube,Trung Nguyên Legend,True,2,0,2,0,0.0,0.0,0.0
2023-09-24,38,9,2023,youtube,Trung Nguyên Legend,True,1,0,1,0,0.0,0.0,0.0
2020-07-31,31,7,2020,youtube,Highlands Coffee Vietnam,False,1,1,0,0,0.67,100.0,0.0
2023-04-24,17,4,2023,youtube,Trung Nguyên Legend,True,1,1,0,0,0.33,100.0,0.0
2019-11-05,45,11,2019,youtube,Trung Nguyên Legend,True,1,0,0,1,-0.33,0.0,100.0
2024-11-15,46,11,2024,youtube,Cong Caphe,True,2,1,1,0,0.165,50.0,0.0
2020-10-22,43,10,2020,youtube,Gong Cha Vietnam,True,1,0,1,0,0.0,0.0,0.0
2024-03-14,11,3,2024,youtube,Trung Nguyên Legend,True,1,0,1,0,0.0,0.0,0.0
2020-06-13,24,6,2020,youtube,Highlands Coffee Vietnam,False,3,0,3,0,0.0,0.0,0.0
2025-07-30,31,7,2025,youtube,Trung Nguyên Legend,True,1,0,1,0,0.0,0.0,0.0
2024-12-20,51,12,2024,youtube,Trung Nguyên Legend,True,2,0,2,0,0.0,0.0,0.0
2020-06-28,26,6,2020,youtube,Trung Nguyên Legend,True,1,0,1,0,0.0,0.0,0.0
2021-03-17,11,3,2021,youtube,Trung Nguyên Legend,True,3,1,2,0,0.11,33.33,0.0
2022-10-03,40,10,2022,youtube,Trung Nguyên Legend,True,2,1,1,0,0.165,50.0,0.0
2023-01-03,1,1,2023,youtube,Trung Nguyên Legend,True,1,0,1,0,0.0,0.0,0.0
2019-11-28,48,11,2019,youtube,Trung Nguyên Legend,True,2,0,2,0,0.0,0.0,0.0
2021-11-03,44,11,2021,youtube,Trung Nguyên Legend,True,1,0,1,0,0.0,0.0,0.0
2021-06-15,24,6,2021,youtube,Trung Nguyên Legend,True,1,0,1,0,0.0,0.0,0.0
2021-04-08,14,4,2021,youtube,Trung Nguyên Legend,True,3,0,3,0,0.0,0.0,0.0
2024-02-20,8,2,2024,youtube,Trung Nguyên Legend,True,3,3,0,0,0.4433,100.0,0.0
2019-09-24,39,9,2019,youtube,Highlands Coffee Vietnam,False,1,0,1,0,0.0,0.0,0.0
2022-02-22,8,2,2022,youtube,Trung Nguyên Legend,True,4,0,4,0,0.0,0.0,0.0
2023-10-01,39,10,2023,youtube,Trung Nguyên Legend,True,1,0,1,0,0.0,0.0,0.0
2024-01-19,3,1,2024,youtube,Trung Nguyên Legend,True,3,1,2,0,0.11,33.33,0.0
2019-12-10,50,12,2019,youtube,Trung Nguyên Legend,True,1,0,1,0,0.0,0.0,0.0
2020-05-29,22,5,2020,youtube,Trung Nguyên Legend,True,2,1,1,0,0.165,50.0,0.0
2020-11-03,45,11,2020,youtube,Cong Caphe,True,1,0,1,0,0.0,0.0,0.0
2024-01-30,5,1,2024,youtube,Trung Nguyên Legend,True,1,0,1,0,0.0,0.0,0.0
2025-05-09,19,5,2025,youtube,Trung Nguyên Legend,True,1,1,0,0,0.33,100.0,0.0
2022-05-24,21,5,2022,youtube,Trung Nguyên Legend,True,1,0,0,1,-0.33,0.0,100.0
2023-06-02,22,6,2023,youtube,Trung Nguyên Legend,True,1,0,1,0,0.0,0.0,0.0
2022-09-24,38,9,2022,youtube,Trung Nguyên Legend,True,6,3,3,0,0.165,50.0,0.0
2022-08-13,32,8,2022,youtube,Trung Nguyên Legend,True,3,0,3,0,0.0,0.0,0.0
2018-02-10,6,2,2018,youtube,Highlands Coffee Vietnam,False,3,1,2,0,0.11,33.33,0.0
2023-02-21,8,2,2023,youtube,Trung Nguyên Legend,True,5,2,3,0,0.132,40.0,0.0
2022-11-25,47,11,2022,youtube,Highlands Coffee Vietnam,False,2,0,2,0,0.0,0.0,0.0
2022-12-08,49,12,2022,youtube,Trung Nguyên Legend,True,1,0,1,0,0.0,0.0,0.0
2023-03-12,10,3,2023,youtube,Highlands Coffee Vietnam,False,1,0,1,0,0.0,0.0,0.0
2024-02-03,5,2,2024,youtube,Trung Nguyên Legend,True,1,1,0,0,0.33,100.0,0.0
2023-03-02,9,3,2023,youtube,Trung Nguyên Legend,True,1,1,0,0,0.33,100.0,0.0
2023-12-20,51,12,2023,youtube,Trung Nguyên Legend,True,12,6,6,0,0.165,50.0,0.0
2019-11-18,47,11,2019,youtube,Highlands Coffee Vietnam,False,2,1,1,0,0.165,50.0,0.0
2022-05-10,19,5,2022,youtube,Trung Nguyên Legend,True,2,0,1,1,-0.165,0.0,50.0
2023-03-15,11,3,2023,youtube,Trung Nguyên Legend,True,1,0,1,0,0.0,0.0,0.0
2025-02-05,6,2,2025,youtube,Trung Nguyên Legend,True,1,0,1,0,0.0,0.0,0.0
2019-11-16,46,11,2019,youtube,Trung Nguyên Legend,True,2,0,2,0,0.0,0.0,0.0
2021-04-18,15,4,2021,youtube,Trung Nguyên Legend,True,2,0,2,0,0.0,0.0,0.0
2019-09-24,39,9,2019,youtube,Trung Nguyên Legend,True,3,1,2,0,0.11,33.33,0.0
2024-02-15,7,2,2024,youtube,Trung Nguyên Legend,True,3,1,2,0,0.11,33.33,0.0
2020-07-17,29,7,2020,youtube,Trung Nguyên Legend,True,1,0,1,0,0.0,0.0,0.0
2019-06-05,23,6,2019,youtube,Highlands Coffee Vietnam,False,1,0,1,0,0.0,0.0,0.0
2024-07-27,30,7,2024,youtube,Trung Nguyên Legend,True,1,1,0,0,0.33,100.0,0.0
2026-01-25,4,1,2026,youtube,Trung Nguyên Legend,True,1,0,1,0,0.0,0.0,0.0
2021-01-21,3,1,2021,youtube,Trung Nguyên Legend,True,2,1,1,0,0.165,50.0,0.0
2023-02-14,7,2,2023,youtube,Trung Nguyên Legend,True,1,0,1,0,0.0,0.0,0.0
2022-09-16,37,9,2022,youtube,Trung Nguyên Legend,True,2,0,2,0,0.0,0.0,0.0
2019-06-15,24,6,2019,youtube,Highlands Coffee Vietnam,False,1,1,0,0,0.33,100.0,0.0
2021-08-10,32,8,2021,youtube,Trung Nguyên Legend,True,3,2,1,0,0.22,66.67,0.0
2020-05-26,22,5,2020,youtube,Trung Nguyên Legend,True,1,0,1,0,0.0,0.0,0.0
2022-06-11,23,6,2022,youtube,Trung Nguyên Legend,True,1,0,1,0,0.0,0.0,0.0
2023-02-07,6,2,2023,youtube,Trung Nguyên Legend,True,1,0,1,0,0.0,0.0,0.0
2020-01-05,1,1,2020,youtube,Highlands Coffee Vietnam,False,4,3,1,0,0.2475,75.0,0.0
2023-10-13,41,10,2023,youtube,Trung Nguyên Legend,True,1,0,1,0,0.0,0.0,0.0
2021-03-04,9,3,2021,youtube,Trung Nguyên Legend,True,4,2,2,0,0.165,50.0,0.0
2020-06-24,26,6,2020,youtube,Trung Nguyên Legend,True,1,0,1,0,0.0,0.0,0.0
2024-06-08,23,6,2024,youtube,Trung Nguyên Legend,True,1,0,1,0,0.0,0.0,0.0
2020-12-18,51,12,2020,youtube,Trung Nguyên Legend,True,2,2,0,0,0.33,100.0,0.0
2019-09-26,39,9,2019,youtube,Trung Nguyên Legend,True,1,0,1,0,0.0,0.0,0.0
2024-01-27,4,1,2024,youtube,Trung Nguyên Legend,True,2,2,0,0,0.67,100.0,0.0
2024-07-10,28,7,2024,youtube,Trung Nguyên Legend,True,1,0,1,0,0.0,0.0,0.0
2025-01-29,5,1,2025,youtube,Trung Nguyên Legend,True,1,1,0,0,0.33,100.0,0.0
2020-06-26,26,6,2020,youtube,Trung Nguyên Legend,True,1,0,1,0,0.0,0.0,0.0
2021-04-20,16,4,2021,youtube,Trung Nguyên Legend,True,1,0,1,0,0.0,0.0,0.0
2020-06-20,25,6,2020,youtube,Trung Nguyên Legend,True,3,0,3,0,0.0,0.0,0.0
2025-08-03,31,8,2025,youtube,Trung Nguyên Legend,True,1,1,0,0,0.33,100.0,0.0
2024-06-24,26,6,2024,youtube,Trung Nguyên Legend,True,1,1,0,0,0.33,100.0,0.0
2019-07-06,27,7,2019,youtube,Highlands Coffee Vietnam,False,1,0,1,0,0.0,0.0,0.0
2024-01-23,4,1,2024,youtube,Trung Nguyên Legend,True,4,1,3,0,0.0825,25.0,0.0
2024-02-11,6,2,2024,youtube,Trung Nguyên Legend,True,1,1,0,0,0.33,100.0,0.0
2020-11-15,46,11,2020,youtube,Trung Nguyên Legend,True,1,0,1,0,0.0,0.0,0.0
2023-12-19,51,12,2023,youtube,Trung Nguyên Legend,True,10,3,7,0,0.099,30.0,0.0
2021-07-07,27,7,2021,youtube,Trung Nguyên Legend,True,1,0,1,0,0.0,0.0,0.0
2019-08-11,32,8,2019,youtube,Trung Nguyên Legend,True,1,0,1,0,0.0,0.0,0.0
2023-05-10,19,5,2023,youtube,Trung Nguyên Legend,True,4,1,3,0,0.0825,25.0,0.0
2025-08-09,32,8,2025,youtube,Highlands Coffee Vietnam,False,2,0,2,0,0.0,0.0,0.0
2023-09-14,37,9,2023,youtube,Trung Nguyên Legend,True,1,0,1,0,0.0,0.0,0.0
2026-04-08,15,4,2026,youtube,Trung Nguyên Legend,True,2,0,2,0,0.0,0.0,0.0
2020-06-01,23,6,2020,youtube,Trung Nguyên Legend,True,2,1,1,0,0.165,50.0,0.0
2022-10-12,41,10,2022,youtube,Trung Nguyên Legend,True,1,0,1,0,0.0,0.0,0.0
2024-12-10,50,12,2024,youtube,Trung Nguyên Legend,True,2,0,1,1,-0.335,0.0,50.0
2019-08-25,34,8,2019,youtube,Trung Nguyên Legend,True,1,0,1,0,0.0,0.0,0.0
2019-07-15,29,7,2019,youtube,Highlands Coffee Vietnam,False,1,0,1,0,0.0,0.0,0.0
2025-08-11,33,8,2025,youtube,Trung Nguyên Legend,True,1,0,1,0,0.0,0.0,0.0
2018-11-24,47,11,2018,youtube,Highlands Coffee Vietnam,False,1,0,1,0,0.0,0.0,0.0
2023-01-02,1,1,2023,youtube,Highlands Coffee Vietnam,False,1,0,1,0,0.0,0.0,0.0
2024-02-17,7,2,2024,youtube,Trung Nguyên Legend,True,6,3,3,0,0.2217,50.0,0.0
2024-04-20,16,4,2024,youtube,Trung Nguyên Legend,True,1,0,1,0,0.0,0.0,0.0
2022-06-24,25,6,2022,youtube,Trung Nguyên Legend,True,1,0,1,0,0.0,0.0,0.0
2023-05-15,20,5,2023,youtube,Cong Caphe,True,1,1,0,0,0.33,100.0,0.0
2022-05-07,18,5,2022,youtube,Trung Nguyên Legend,True,2,0,2,0,0.0,0.0,0.0
2021-07-23,29,7,2021,youtube,Trung Nguyên Legend,True,1,0,1,0,0.0,0.0,0.0
2024-01-08,2,1,2024,youtube,Trung Nguyên Legend,True,3,0,3,0,0.0,0.0,0.0
2026-03-27,13,3,2026,youtube,Trung Nguyên Legend,True,2,0,2,0,0.0,0.0,0.0
2019-12-23,52,12,2019,youtube,Trung Nguyên Legend,True,4,1,3,0,0.0825,25.0,0.0
2020-05-01,18,5,2020,youtube,Cong Caphe,True,1,0,1,0,0.0,0.0,0.0
2019-02-27,9,2,2019,youtube,Cong Caphe,True,1,1,0,0,0.33,100.0,0.0
2025-05-07,19,5,2025,youtube,Trung Nguyên Legend,True,1,0,1,0,0.0,0.0,0.0
2020-01-10,2,1,2020,youtube,Trung Nguyên Legend,True,1,0,1,0,0.0,0.0,0.0
2020-05-15,20,5,2020,youtube,Trung Nguyên Legend,True,2,2,0,0,0.33,100.0,0.0
2024-07-31,31,7,2024,youtube,Trung Nguyên Legend,True,1,0,1,0,0.0,0.0,0.0
2023-04-20,16,4,2023,youtube,Trung Nguyên Legend,True,4,0,4,0,0.0,0.0,0.0
2020-01-02,1,1,2020,youtube,Highlands Coffee Vietnam,False,6,1,4,1,0.0,16.67,16.67
2024-05-04,18,5,2024,youtube,Trung Nguyên Legend,True,3,0,3,0,0.0,0.0,0.0
2023-01-07,1,1,2023,youtube,Trung Nguyên Legend,True,1,1,0,0,0.33,100.0,0.0
2020-01-08,2,1,2020,youtube,Highlands Coffee Vietnam,False,4,2,2,0,0.165,50.0,0.0
2021-10-21,42,10,2021,youtube,Trung Nguyên Legend,True,2,0,2,0,0.0,0.0,0.0
2023-05-07,18,5,2023,youtube,Trung Nguyên Legend,True,1,0,1,0,0.0,0.0,0.0
2021-11-06,44,11,2021,youtube,Trung Nguyên Legend,True,1,0,1,0,0.0,0.0,0.0
2023-04-10,15,4,2023,youtube,Trung Nguyên Legend,True,6,0,6,0,0.0,0.0,0.0
2019-10-01,40,10,2019,youtube,Trung Nguyên Legend,True,1,0,0,1,-0.33,0.0,100.0
2026-05-28,22,5,2026,youtube,Trung Nguyên Legend,True,1,1,0,0,0.67,100.0,0.0
2023-06-09,23,6,2023,youtube,Trung Nguyên Legend,True,1,0,1,0,0.0,0.0,0.0
2024-02-26,9,2,2024,youtube,Trung Nguyên Legend,True,3,1,2,0,0.11,33.33,0.0
2024-01-20,3,1,2024,youtube,Trung Nguyên Legend,True,1,1,0,0,0.33,100.0,0.0
2026-04-14,16,4,2026,youtube,Trung Nguyên Legend,True,1,0,1,0,0.0,0.0,0.0
2019-05-12,19,5,2019,youtube,Highlands Coffee Vietnam,False,2,0,2,0,0.0,0.0,0.0
2019-05-23,21,5,2019,youtube,Trung Nguyên Legend,True,1,1,0,0,0.33,100.0,0.0
2020-03-31,14,3,2020,youtube,Trung Nguyên Legend,True,1,0,1,0,0.0,0.0,0.0
2024-01-03,1,1,2024,youtube,Trung Nguyên Legend,True,2,0,2,0,0.0,0.0,0.0
2021-10-24,42,10,2021,youtube,Trung Nguyên Legend,True,1,1,0,0,0.33,100.0,0.0
2024-07-22,30,7,2024,youtube,Trung Nguyên Legend,True,1,0,1,0,0.0,0.0,0.0
2018-02-12,7,2,2018,youtube,Highlands Coffee Vietnam,False,1,0,1,0,0.0,0.0,0.0
2022-07-16,28,7,2022,youtube,Trung Nguyên Legend,True,1,0,1,0,0.0,0.0,0.0
2025-06-27,26,6,2025,youtube,Trung Nguyên Legend,True,1,0,1,0,0.0,0.0,0.0
2024-02-14,7,2,2024,youtube,Trung Nguyên Legend,True,4,1,3,0,0.0825,25.0,0.0
2024-01-22,4,1,2024,youtube,Trung Nguyên Legend,True,4,1,3,0,0.0825,25.0,0.0
2025-04-13,15,4,2025,youtube,Highlands Coffee Vietnam,False,1,0,1,0,0.0,0.0,0.0
2024-02-19,8,2,2024,youtube,Highlands Coffee Vietnam,False,1,0,1,0,0.0,0.0,0.0
2023-05-21,20,5,2023,youtube,Trung Nguyên Legend,True,1,1,0,0,0.33,100.0,0.0
2022-11-27,47,11,2022,youtube,Highlands Coffee Vietnam,False,1,1,0,0,0.33,100.0,0.0
2023-12-30,52,12,2023,youtube,Trung Nguyên Legend,True,1,0,1,0,0.0,0.0,0.0
2019-08-21,34,8,2019,youtube,Trung Nguyên Legend,True,2,0,2,0,0.0,0.0,0.0
2021-09-22,38,9,2021,youtube,Trung Nguyên Legend,True,1,0,1,0,0.0,0.0,0.0
2024-02-27,9,2,2024,youtube,Trung Nguyên Legend,True,4,3,1,0,0.2475,75.0,0.0
2020-07-02,27,7,2020,youtube,Highlands Coffee Vietnam,False,1,0,1,0,0.0,0.0,0.0
2024-02-19,8,2,2024,youtube,Trung Nguyên Legend,True,4,0,4,0,0.0,0.0,0.0
2025-01-02,1,1,2025,youtube,Trung Nguyên Legend,True,1,0,1,0,0.0,0.0,0.0
2020-03-23,13,3,2020,youtube,Trung Nguyên Legend,True,1,0,1,0,0.0,0.0,0.0
2023-07-12,28,7,2023,youtube,Trung Nguyên Legend,True,1,0,1,0,0.0,0.0,0.0
2022-04-09,14,4,2022,youtube,Trung Nguyên Legend,True,3,0,3,0,0.0,0.0,0.0
2019-06-24,26,6,2019,youtube,Highlands Coffee Vietnam,False,1,0,1,0,0.0,0.0,0.0
2023-01-09,2,1,2023,youtube,Trung Nguyên Legend,True,1,1,0,0,0.33,100.0,0.0
2024-10-24,43,10,2024,youtube,Starbucks Việt Nam,True,1,0,1,0,0.0,0.0,0.0
2021-04-07,14,4,2021,youtube,Trung Nguyên Legend,True,1,0,1,0,0.0,0.0,0.0
2022-04-15,15,4,2022,youtube,Trung Nguyên Legend,True,1,1,0,0,0.33,100.0,0.0
2023-03-28,13,3,2023,youtube,Trung Nguyên Legend,True,2,0,2,0,0.0,0.0,0.0
2019-07-08,28,7,2019,youtube,Highlands Coffee Vietnam,False,1,1,0,0,0.33,100.0,0.0
2023-01-24,4,1,2023,youtube,Highlands Coffee Vietnam,False,1,0,1,0,0.0,0.0,0.0
2023-05-24,21,5,2023,youtube,Trung Nguyên Legend,True,1,0,1,0,0.0,0.0,0.0
2023-09-03,35,9,2023,youtube,Trung Nguyên Legend,True,1,0,1,0,0.0,0.0,0.0
2024-09-28,39,9,2024,youtube,Trung Nguyên Legend,True,1,0,1,0,0.0,0.0,0.0
2021-03-05,9,3,2021,youtube,Trung Nguyên Legend,True,1,0,1,0,0.0,0.0,0.0
2022-05-27,21,5,2022,youtube,Trung Nguyên Legend,True,1,0,1,0,0.0,0.0,0.0
2025-01-09,2,1,2025,youtube,Trung Nguyên Legend,True,1,0,1,0,0.0,0.0,0.0
2023-05-02,18,5,2023,youtube,Trung Nguyên Legend,True,1,0,1,0,0.0,0.0,0.0
2022-09-06,36,9,2022,youtube,Trung Nguyên Legend,True,1,0,1,0,0.0,0.0,0.0
2017-10-27,43,10,2017,youtube,Highlands Coffee Vietnam,False,1,1,0,0,0.67,100.0,0.0
2023-10-21,42,10,2023,youtube,Trung Nguyên Legend,True,2,0,2,0,0.0,0.0,0.0
2025-04-29,18,4,2025,youtube,Trung Nguyên Legend,True,1,0,1,0,0.0,0.0,0.0
2020-01-11,2,1,2020,youtube,Trung Nguyên Legend,True,1,0,1,0,0.0,0.0,0.0
2023-04-11,15,4,2023,youtube,Trung Nguyên Legend,True,1,0,1,0,0.0,0.0,0.0
2019-12-16,51,12,2019,youtube,Highlands Coffee Vietnam,False,2,2,0,0,0.33,100.0,0.0
2022-11-23,47,11,2022,youtube,Highlands Coffee Vietnam,False,2,0,2,0,0.0,0.0,0.0
2020-10-25,43,10,2020,youtube,Trung Nguyên Legend,True,1,0,1,0,0.0,0.0,0.0
2022-08-25,34,8,2022,youtube,Trung Nguyên Legend,True,2,0,2,0,0.0,0.0,0.0
2021-06-20,24,6,2021,youtube,Trung Nguyên Legend,True,1,0,1,0,0.0,0.0,0.0
2023-02-23,8,2,2023,youtube,Trung Nguyên Legend,True,2,0,2,0,0.0,0.0,0.0
2020-06-09,24,6,2020,youtube,Trung Nguyên Legend,True,1,0,1,0,0.0,0.0,0.0
2021-10-06,40,10,2021,youtube,Trung Nguyên Legend,True,5,0,5,0,0.0,0.0,0.0
2021-11-01,44,11,2021,youtube,Trung Nguyên Legend,True,2,0,2,0,0.0,0.0,0.0
2024-01-28,4,1,2024,youtube,Trung Nguyên Legend,True,2,1,0,1,0.0,50.0,50.0
2023-04-26,17,4,2023,youtube,Trung Nguyên Legend,True,1,0,1,0,0.0,0.0,0.0
2025-07-18,29,7,2025,youtube,Trung Nguyên Legend,True,1,1,0,0,0.33,100.0,0.0
2024-01-01,1,1,2024,youtube,Trung Nguyên Legend,True,4,1,3,0,0.0825,25.0,0.0
2019-09-23,39,9,2019,youtube,Trung Nguyên Legend,True,4,1,3,0,0.0825,25.0,0.0
2023-06-24,25,6,2023,youtube,Trung Nguyên Legend,True,1,0,1,0,0.0,0.0,0.0
2019-07-07,27,7,2019,youtube,Highlands Coffee Vietnam,False,2,0,1,1,-0.165,0.0,50.0
2022-04-16,15,4,2022,youtube,Cong Caphe,True,1,0,1,0,0.0,0.0,0.0
2022-01-19,3,1,2022,youtube,Trung Nguyên Legend,True,1,1,0,0,0.33,100.0,0.0
2023-11-16,46,11,2023,youtube,Trung Nguyên Legend,True,1,1,0,0,0.33,100.0,0.0
2019-06-15,24,6,2019,youtube,Trung Nguyên Legend,True,1,0,1,0,0.0,0.0,0.0
2022-09-09,36,9,2022,youtube,Trung Nguyên Legend,True,1,1,0,0,0.33,100.0,0.0
2025-08-30,35,8,2025,youtube,Trung Nguyên Legend,True,2,0,2,0,0.0,0.0,0.0
2019-08-08,32,8,2019,youtube,Trung Nguyên Legend,True,1,0,1,0,0.0,0.0,0.0
2019-02-22,8,2,2019,youtube,Highlands Coffee Vietnam,False,1,0,1,0,0.0,0.0,0.0
2023-04-05,14,4,2023,youtube,Trung Nguyên Legend,True,1,0,1,0,0.0,0.0,0.0
2023-11-07,45,11,2023,youtube,Trung Nguyên Legend,True,1,0,1,0,0.0,0.0,0.0
2025-03-13,11,3,2025,youtube,Trung Nguyên Legend,True,1,1,0,0,0.33,100.0,0.0
2019-10-18,42,10,2019,youtube,Highlands Coffee Vietnam,False,1,0,1,0,0.0,0.0,0.0
2020-10-17,42,10,2020,youtube,Trung Nguyên Legend,True,1,0,1,0,0.0,0.0,0.0
2023-03-30,13,3,2023,youtube,Trung Nguyên Legend,True,2,0,2,0,0.0,0.0,0.0
2023-12-24,51,12,2023,youtube,Trung Nguyên Legend,True,3,1,2,0,0.11,33.33,0.0
2022-03-31,13,3,2022,youtube,Highlands Coffee Vietnam,False,1,0,1,0,0.0,0.0,0.0
2023-08-26,34,8,2023,youtube,Trung Nguyên Legend,True,1,0,1,0,0.0,0.0,0.0
2023-04-25,17,4,2023,youtube,Trung Nguyên Legend,True,2,0,2,0,0.0,0.0,0.0
2018-12-11,50,12,2018,youtube,Highlands Coffee Vietnam,False,1,0,1,0,0.0,0.0,0.0
2019-06-27,26,6,2019,youtube,Highlands Coffee Vietnam,False,1,0,1,0,0.0,0.0,0.0
2020-10-16,42,10,2020,youtube,Trung Nguyên Legend,True,1,0,1,0,0.0,0.0,0.0
2022-01-01,52,1,2022,youtube,Trung Nguyên Legend,True,2,1,1,0,0.165,50.0,0.0
2024-05-24,21,5,2024,youtube,Trung Nguyên Legend,True,1,0,1,0,0.0,0.0,0.0
2021-01-28,4,1,2021,youtube,Trung Nguyên Legend,True,1,0,1,0,0.0,0.0,0.0
2023-01-31,5,1,2023,youtube,Trung Nguyên Legend,True,2,0,2,0,0.0,0.0,0.0
2019-09-22,38,9,2019,youtube,Trung Nguyên Legend,True,1,0,1,0,0.0,0.0,0.0
2024-05-11,19,5,2024,youtube,Trung Nguyên Legend,True,1,0,1,0,0.0,0.0,0.0
2022-11-09,45,11,2022,youtube,Trung Nguyên Legend,True,2,0,2,0,0.0,0.0,0.0
