sentiment_id,external_comment_id,post_id,platform_id,time_id,sentiment_label,sentiment_score,comment_text,loaded_at,platform_name,external_post_id,page_name
11,UgxYjMB3KdJN3U2Ejzh4AaABAg,56,4,20260213112920,neutral,0.0,Rút tiền chữa bệnh lậu😂,2026-05-31 14:45:32.532679+00:00,youtube,gZ70K3Tlqck,Taichinhso News
12,UgwSZkcX14lwRuNvHAV4AaABAg,57,4,20260420124608,neutral,0.0,I think some coffee shops usually use Toto toilets,2026-05-31 14:45:32.532679+00:00,youtube,HjwOdjw5PKg,The Toilets in Vietnam and the World
13,Ugx9VbfZQj1Opzuk2394AaABAg,58,4,20260110110201,neutral,0.0,"Công an đột kích vào 'đại công xưởng' sản xuất nước hoa giả: Bàng hoàng những gì thấy được!
https://www.youtube.com/watch?v=7zgs9yhGZbw",2026-05-31 14:45:32.532679+00:00,youtube,BRt3h4UPd2I,VTC NEWS
14,UgwPsJt37iwy4VJ6y7R4AaABAg,58,4,20260110110204,neutral,0.0,"Hà Nội giải phóng hơn 60.000m² đất vành đai 2,5, không bàn giao mặt bằng sẽ bị giải tỏa
https://www.youtube.com/watch?v=jDvu7_a5dqo",2026-05-31 14:45:32.532679+00:00,youtube,BRt3h4UPd2I,VTC NEWS
15,Ugyc_O5XB63YuwVQ2Ud4AaABAg,60,4,20260117214635,neutral,0.0,bao nhiêu một khoa ạ,2026-05-24 08:56:02.647183+00:00,youtube,rieoTTPBQ5w,Beanlatteart
621,Ugx1VgieDseux68Y5SJ4AaABAg,615,4,20250805061824,neutral,0.0,Ignorance is bliss,2026-05-31 14:45:32.532679+00:00,youtube,iY1gIXGis1Q,Where Can I FLY
622,UgzO4kU6h0EkU39rdpZ4AaABAg,618,4,20250809051746,neutral,0.0,nóng quá 🥵🥵🥵,2026-05-31 14:45:32.532679+00:00,youtube,M8L9cX5Q_bI,AEON MALL Hai Phong Le Chan
623,UgwWO0R3UnVHCVGLdNJ4AaABAg,620,4,20250524044626,neutral,0.0,"Quán caffe mà tao tưởng đâu thư viện ko ấy , đứa nào cũng vác cái laptop ra ngồi như kiểu ta đây bận rộn vs chăm học lắm , muốn học tập thì ở nhà mà học tự nhiên ra quán ngồi làm ảnh hưởng đến doanh thu của quán 😂",2026-05-31 14:45:32.532679+00:00,youtube,LOJUizz5-zQ,TIN VietNam 
624,UgzcPKA37mzprqdUNCR4AaABAg,620,4,20250524180701,positive,0.33,1 đứa bạn của t chia sẻ đây: không khí ở nhà thoải mái khiến nó ko thể tập trung học hành j hết nên ngày nào cx phải lết ra đúng quán đó để học =)) Cắm rễ từ 9 10h sáng đến 6 7h tối 😅 (quán thường chứ ko phải quán 24/7) có kêu thêm nc hay ko thì t ko biết nma nghe thì ối zồi ôi thật 😅 1 tuần t đi 2 3 ngày thoi cũng thấy dữ lắm r này nó ngày nào cũng ra ngồi,2026-05-31 14:45:32.532679+00:00,youtube,LOJUizz5-zQ,TIN VietNam 
625,Ugz3egF7oCUi4CfGBYB4AaABAg,620,4,20250528230340,neutral,0.0,"Đâu phải khách nào cũng có ý thức? Khách biết điều lịch sự thì ít, ích kỷ thì quá nhiều.",2026-05-31 14:45:32.532679+00:00,youtube,LOJUizz5-zQ,TIN VietNam 
626,UgxulqyN93oBTHDpgQV4AaABAg,620,4,20250526100851,positive,0.33,"T nghĩ quán nên phân ra bốn khu vực:
- 2 khu vực chung không ổ điện (yên tĩnh và bình thường)
- 2 khu vực có ổ điện (khu vực yên tĩnh và khu vực bình thường)
- Khi có khách muốn dùng điện thì đăng kí với nhân viên để nhân viên đưa cho tờ giấy ghi giờ lúc đăng kí , khu vực có ổ điện nào (yên tĩnh hay bình thường) và thiết bị cần dùng điện (không phải thiết bị công suất lớn), có giấy đó thì mới được vào khu vực có ổ điện để dùng (mỗi tờ giấy tương ứng với quyền sử dụng điện của một ổ điện), sau khi dùng xong thì ra ngoài để nhân viên ghi lại giờ ra rồi dựa theo thời gian sử dụng điện để tính phí, càng ở lâu, dùng điện nhiều thì càng trả nhiều tiền hơn (như sử dụng dịch vụ)
- Cả 4 khu vực có giá đồ ăn thức uống và có máy lạnh giống nhau, chỉ khác giá sử dụng ổ điện vì thời gian khác nhau thôi",2026-05-31 14:45:32.532679+00:00,youtube,LOJUizz5-zQ,TIN VietNam 
627,Ugx7lS8HTb7mjvo0sH94AaABAg,620,4,20250524050024,neutral,0.0,Bữa t có làm mà thấy 2 nhỏ nó vào ngồi từ lúc 2h chiều đến 8h30 tối. Lạy luôn 🙏🙏🙏. Bây ngồi dữ quá nó ms làm z á,2026-05-31 14:45:32.532679+00:00,youtube,LOJUizz5-zQ,TIN VietNam 
628,UgzWQTDEF97wTHqDXu14AaABAg,620,4,20250524070255,neutral,0.0,"Theo mình không nên học tập tại quán cafe, nhưng trong quá trình ăn uống, trò chuyện tại quán với bạn bè thì có thể sạc điện thoại tại quán cũng được mà, giờ các quán cafe cạnh tranh cao thì wife, sạc điện thoại trong lúc sử dụng dịch vụ tại quán là 1 điểm cộng để đến với quán; nếu là mình đến quán mà không cho sạc điện thoại thì mình cũng không quay lại lần sau nữa",2026-05-31 14:45:32.532679+00:00,youtube,LOJUizz5-zQ,TIN VietNam 
629,Ugw1pP9VO-5yGL9GOJV4AaABAg,620,4,20250524174628,neutral,0.0,"Vào quán cafe để học, và vào thư viện để ngủ =))",2026-05-31 14:45:32.532679+00:00,youtube,LOJUizz5-zQ,TIN VietNam 
630,UgxfRfXGPSJdxRoGejp4AaABAg,620,4,20250524063322,neutral,0.0,Quán cà phê của người ta không phải thư viện,2026-05-31 14:45:32.532679+00:00,youtube,LOJUizz5-zQ,TIN VietNam 
631,Ugxcsox3a9TUjFX_v454AaABAg,620,4,20250525100359,neutral,0.0,"Cafe mà nó ra nó học bài, làm việc. Ng mua nhiều nước thì ít mà người ngồi dai thì nhiều",2026-05-31 14:45:32.532679+00:00,youtube,LOJUizz5-zQ,TIN VietNam 
632,Ugzv1Ez1mUcMHjOojLt4AaABAg,620,4,20250524054711,neutral,0.0,Tiền nước thì ít mà tiền điện thì nhiều,2026-05-31 14:45:32.532679+00:00,youtube,LOJUizz5-zQ,TIN VietNam 
633,Ugya6xU-eCT5dg6R5vN4AaABAg,620,4,20250525123738,positive,0.33,Thích thoải mái mát lạnh chơi và học thì chui vào khách sạn,2026-05-31 14:45:32.532679+00:00,youtube,LOJUizz5-zQ,TIN VietNam 
634,Ugy1n-EHUGtZAMWgK1x4AaABAg,620,4,20250526201119,neutral,0.0,"cái này là tác hại của đại bộ phận khôn lỏi trong xã hội, những ý đáng lý ra là sẽ đc trao cho mn sử dụng thì bị đại bộ phận này lạm dụng dẫn đến nhiều doanh nghiệp ng ta k con dám tin vào lòng người
đừng trách người k hết lòng vì mình, trong khi bản thân mình lại chơi khôn lỏi kiểu này",2026-05-31 14:45:32.532679+00:00,youtube,LOJUizz5-zQ,TIN VietNam 
635,UgzoshI2LouF4-xAa9d4AaABAg,620,4,20250528054203,neutral,0.0,"Thứ nhất quán n đổi chủ rồi. Định hướng khác rồi. Nên thắc mắc làm gì
Thứ 2 ví dụ 2 tiếng kêu ly nước mới đi. Quán n cho dùng lại thoải mái liền",2026-05-31 14:45:32.532679+00:00,youtube,LOJUizz5-zQ,TIN VietNam 
636,UgwKOTcWCXGPhnzyc9p4AaABAg,620,4,20250524181143,neutral,0.0,Đuổi là đúng r mấy cha mấy má ơi. Có ly nước mà xài đủ thứ của ngta mà còn ngồi lâu nữa. Mấy cha mấy má hiểu cho ngta với. Mặt bằng thì cao thấy mẹ mà kinh doanh gặp ng ngồi lâu thì lấy gì có doanh thu dc,2026-05-31 14:45:32.532679+00:00,youtube,LOJUizz5-zQ,TIN VietNam 
637,UgyqcsxfZBWsdSOavld4AaABAg,620,4,20250526174230,positive,0.67,"Tui cx hay đi cafe hc bài nè, tại có máy lạnh, yên tĩnh, không gian thư giãn lắm. Còn hc trong thư viện của trường cx như v mà cảm giác áp lực hơn, trong đó an tĩnh tuyệt đối luôn, sợ 😢",2026-05-31 14:45:32.532679+00:00,youtube,LOJUizz5-zQ,TIN VietNam 
638,UgwbJMEI6wBdT0Eyse54AaABAg,620,4,20250526141119,negative,-0.67,"Việc mang laptop ra quán cà phê học hay làm việc là nhu cầu phổ biến, không sai gì cả. Thậm chí, The Coffee House từng xây dựng hình ảnh là không gian lý tưởng cho nhóm khách như sinh viên, freelancer, dân văn phòng. Giờ thay đổi mà không nói rõ, tệp khách thường xuyên tới quán cảm thấy hụt hẫng, bị phản bội cũng là điều dễ hiểu thôi.

  cái kiểu ""không thích thì về nhà mà làm; quán cà phê đâu phải nơi để học tập;...""  Nghe thì hợp lý đấy. 
Nhưng bản thân thương hiệu đã xây dựng hình ảnh là một nơi thân thiện với dân văn phòng và sinh viên học tập, giờ quay ngoắt như vậy thì lỗi là nằm ở cách xử lý chưa được tinh tế từ thương hiệu chứ khách hàng họ cũng bỏ tiền ra để xài, đúng luật pháp chứ đâu phải là xài chùa đâu.

Theo tui thấy tăng giá bán lên có khi người ta biết nhưng vẫn thông cảm và chi tiền được chứ còn lắp ổ điện hết thế này thì khách hàng cảm thấy họ không được tôn trọng và bỏ là đúng.",2026-05-31 14:45:32.532679+00:00,youtube,LOJUizz5-zQ,TIN VietNam 
639,Ugw4SZwlmAlBsJI0j6p4AaABAg,620,4,20250525101402,neutral,0.0,"Quán cà phê không phải thư viện, Thư viện Tổng Hợp Thành Phố ko cấm bạn học 😂",2026-05-31 14:45:32.532679+00:00,youtube,LOJUizz5-zQ,TIN VietNam 
640,UgwJRa6PZ8BwX6ItPiB4AaABAg,620,4,20250527184154,neutral,0.0,cũng có lý do của nó nhiều nhóm làm việc thay vì thuê co-working space lại chạy ra quán cắm dù nguyên ngày chiếm gần hai 3 bàn,2026-05-31 14:45:32.532679+00:00,youtube,LOJUizz5-zQ,TIN VietNam 
641,UgxpOQhbuxvCHFljcwV4AaABAg,620,4,20250526140230,neutral,0.0,"Tiền khách mua:.👎
Tiền wifi điện :👍",2026-05-31 14:45:32.532679+00:00,youtube,LOJUizz5-zQ,TIN VietNam 
642,Ugz-GB_j1m3kmRh1Atd4AaABAg,620,4,20250525230610,positive,0.33,T đi coffe cx cầm theo laptop nhưng ko để học hay lm vc mà để chơi game vs nói chuyện vs bạn bè,2026-05-31 14:45:32.532679+00:00,youtube,LOJUizz5-zQ,TIN VietNam 
643,UgwTbefCmT2rK9FRk-F4AaABAg,620,4,20250527132305,neutral,0.0,Khôn ra thì người ta chỉ cần cân đối thu thêm phí,2026-05-31 14:45:32.532679+00:00,youtube,LOJUizz5-zQ,TIN VietNam 
644,UgwWudCIhP3RUOYtCIV4AaABAg,620,4,20250526154720,positive,0.33,"T thấy Highlands vs Katinat họ không làm thế, vẫn có sạc và dịch vụ tốt. The coffee House chắc sắp drop rồi😙",2026-05-31 14:45:32.532679+00:00,youtube,LOJUizz5-zQ,TIN VietNam 
645,Ugyxs_wzCsjZ7uZYxcZ4AaABAg,620,4,20250527130753,neutral,0.0,mink nghĩ họ có thể tạo các chi nhánh dành riêng cho sinh viên và nhân viên văn phòng,2026-05-31 14:45:32.532679+00:00,youtube,LOJUizz5-zQ,TIN VietNam 
646,Ugzw12BlxaAtx4xvjOd4AaABAg,620,4,20250528101636,neutral,0.0,Vậy mới thấy nhà ở Viet Nam chật chội và thiếu tiện nghi . Cuộc sống dưới mức thấp nên mới ra quán ngồi để có không gian . Viet Nam khổ quá,2026-05-31 14:45:32.532679+00:00,youtube,LOJUizz5-zQ,TIN VietNam 
647,UgzbRHD5GZi767b_bUh4AaABAg,620,4,20250526091138,neutral,0.0,Làm kiểu này thì lại tiếp tục xách dép cho Highlands rồi 😂,2026-05-31 14:45:32.532679+00:00,youtube,LOJUizz5-zQ,TIN VietNam 
648,UgwPwBT04WPTpTGOtT54AaABAg,620,4,20250524060725,neutral,0.0,Giá điện tăng cao quá mà😂😂😂,2026-05-31 14:45:32.532679+00:00,youtube,LOJUizz5-zQ,TIN VietNam 
649,UgyGH_OIr3ZdHdhdiTN4AaABAg,620,4,20250525155215,neutral,0.0,"cứ gắn vào mỗi cái ổ điện bảng giá với chỗ thanh toán như ở quán nét ấy,cắm 1h lấy đủ tiền điện th,thế là thoải mái r",2026-05-31 14:45:32.532679+00:00,youtube,LOJUizz5-zQ,TIN VietNam 
650,UgyHky0qhhdJbjNHial4AaABAg,620,4,20250527114115,neutral,0.0,Quán Cafe võng đâu rồi kiếm khách kìa😅,2026-05-31 14:45:32.532679+00:00,youtube,LOJUizz5-zQ,TIN VietNam 
651,UgwDE1lzqoMCvxqvvCt4AaABAg,620,4,20250526191844,neutral,0.0,Đứa nào cố vấn cái chiến lược kinh doanh tự hủy vậy 😂,2026-05-31 14:45:32.532679+00:00,youtube,LOJUizz5-zQ,TIN VietNam 
652,UgyVzP6s_KpUPKZdh4d4AaABAg,620,4,20250524173034,neutral,0.0,Như thằng bạn t mùa hè nóng nó mang lap ra quán ngồi chơi game từ sáng đến tối  bịt ổ điện thế thì nó cay lắm,2026-05-31 14:45:32.532679+00:00,youtube,LOJUizz5-zQ,TIN VietNam 
653,Ugy3Po6F-dBMaO2lVBd4AaABAg,620,4,20250526112624,neutral,0.0,Mua 1 ly ngồi tận 3 tới 4 tiếng 😂😂😂,2026-05-31 14:45:32.532679+00:00,youtube,LOJUizz5-zQ,TIN VietNam 
654,UgwKxLtZiD-PQk8vHo94AaABAg,620,4,20250526110821,neutral,0.0,thực ra thay kiểu bàn ghế đi là đc =0,2026-05-31 14:45:32.532679+00:00,youtube,LOJUizz5-zQ,TIN VietNam 
655,UgwBIbl4WjvR_6Sq4KR4AaABAg,620,4,20250526043645,positive,0.33,Tư duy của người kinh doanh: họ thích bán cho 10 người. Chứ họ ko thích 1 người gọi nhiều món,2026-05-31 14:45:32.532679+00:00,youtube,LOJUizz5-zQ,TIN VietNam 
656,UgwwIeP9nT5J0-OqNpJ4AaABAg,620,4,20250526114753,neutral,0.0,đuổi thẳng thế mà kêu đuổi khéo :)),2026-05-31 14:45:32.532679+00:00,youtube,LOJUizz5-zQ,TIN VietNam 
657,Ugy_ZJqrfr1t4lGYZal4AaABAg,620,4,20250526075823,neutral,0.0,"Thì cứ tính phụ thu vào , muốn ngồi lâu, lv online thì cho vào 1khu vực, 1 góc, phụ thu thêm 30k/h kể từ giờ thứ 2, vd: nó uống ly 1caffe 60k , ngồi 2.5-3h thì thu thêm 30+30=60k; or tính theo KH thân thiết theo tháng: chọn 1phần 70-100k ngồi thoải mái, thẻ tháng 2.4tr (đc 30phần 80k)",2026-05-31 14:45:32.532679+00:00,youtube,LOJUizz5-zQ,TIN VietNam 
658,Ugwt8Bd0B8x1GTt54NV4AaABAg,620,4,20250525113502,neutral,0.0,Ôi dời sạc sự phòng để làm gì 😂,2026-05-31 14:45:32.532679+00:00,youtube,LOJUizz5-zQ,TIN VietNam 
659,UgwyIArk7lAozExO4Mh4AaABAg,620,4,20250526171955,neutral,0.0,"200tr/tháng nó chx đuổi thẳng mặt là hên lắm rồi đó😂 tối ngày vô tiệm coffee ngồi cả ngày rồi lượng khách sau vô thì ko có chỗ ngồi, bt là giá đất trên đó mắc nên nhà vs phòng trọ thường ko đc thoáng, nhưng tối ngày cứ xách ra tiệm cafe xong ngồi cả ngày trời đó cũng mệt cho chủ tiệm lắm chứ bộ, hồi đó có mở quán cafe vô thấy ngồi từ sáng đến tối, thời gian đầu thấy ko sao chứ quán bắt đầu có nhiều khách thì vđ chỗ ngồi lại bắt đầu xuất hiện, mà tệp khách ngồi cả ngày thường là tệp khác t sợ nhất, ra nói thì 30' nữa mà mình bán cả ngày cũng mệt chứ, nhưng vì khách cũng ráng ngồi xong 30' ra thì bảo:""em sắp xong rồi, anh chờ chút"" đùng cái 18h moẹ luôn",2026-05-31 14:45:32.532679+00:00,youtube,LOJUizz5-zQ,TIN VietNam 
660,UgyFKlSk1w6eCemXKOZ4AaABAg,620,4,20250526011423,neutral,0.0,Nhiều quán đông vì sinh viên ngồi . Ngồi từ sáng đến tối mà . Quán lúc nào cũng đông nhưng mà số ngồi 1 chỗ nhiều quá .,2026-05-31 14:45:32.532679+00:00,youtube,LOJUizz5-zQ,TIN VietNam 
661,UgxoaE3Pf-x8Fc9y4Sx4AaABAg,620,4,20250527045604,neutral,0.0,Ngày cuối tuần thứ 7 cn. Khách vào ko còn chổ ngồi khách đi ra. Quán bán cf tiết khách sao k. Ngồi 6-7 tiếng thấy mệt rồi đó.,2026-05-31 14:45:32.532679+00:00,youtube,LOJUizz5-zQ,TIN VietNam 
662,Ugw6bFigO7sbXmUcG5h4AaABAg,620,4,20250526152917,neutral,0.0,1ly cafe ngồi cả buổi...nơi nào chịu nổi,2026-05-31 14:45:32.532679+00:00,youtube,LOJUizz5-zQ,TIN VietNam 
663,UgzTTpIAlr6WWWl-v8N4AaABAg,620,4,20250524063109,positive,0.67,"Cũng phải hiểu cho quán người ta, không trách được, cái vấn đề lớn nhất là tiền điện, và tiền khách ngồi lâu khiến nhiều khách k tới. 
Tôi có đề xuất như này, quán sẽ tính toán xem trung bình mỗi giờ 1 người sẽ dùng hết bao nhiêu điện, vì nhiều người đến cũng chỉ nói chuyện không cần ổ điện. Còn ai học tập thì sẽ có thể hỏi thêm rằng bạn có muốn dùng ổ điện k, kiểu kiểu thế, nói chung làm thế nào cho khéo. Rồi sẽ giải thích các thứ, và có thể sẽ thu phí tiền điện chẳng hạn. Tiền nước khi đấy cũng cân đo đong đếm lại khi tính phí ngồi học như thế, tại người ta mua cafe thực chất là mua chỗ ngồi học.
Đề xuất tất nhiên còn rất nhiều thiếu sót bởi mình k chuyên kinh doanh hay gì, nên mình cũng k chi tiết mọi trường hợp, cái đấy quán sẽ suy nghĩ cân nhắc thôi.",2026-05-31 14:45:32.532679+00:00,youtube,LOJUizz5-zQ,TIN VietNam 
664,Ugx5GXmu1xGLHj22cBF4AaABAg,620,4,20250526031720,positive,0.33,Quán làm zị là đúng “ Mở quán cà phê chớ đâu có mở trường học hay cty đâu “ làm gì cũng được đúng nơi đúng chỗ giùm cái buôn bán đã khó khăn còn chiếm chỗ,2026-05-31 14:45:32.532679+00:00,youtube,LOJUizz5-zQ,TIN VietNam 
665,UgzHTCxy1bs2fFSpCXF4AaABAg,620,4,20250525182452,neutral,0.0,Nói thiệt nhiều người vô ngồi 3 4 tiếng mà mua có 1 ly nước  quán cà phê mà tui tưởng thư viện ko luôn😂😂,2026-05-31 14:45:32.532679+00:00,youtube,LOJUizz5-zQ,TIN VietNam 
666,UgwLnvSB0GCeHqUgSxl4AaABAg,620,4,20250527094220,neutral,0.0,Ngồi cả ngày 😂.,2026-05-31 14:45:32.532679+00:00,youtube,LOJUizz5-zQ,TIN VietNam 
667,UgxJhj7h3K6U8xhRTyV4AaABAg,620,4,20250526161546,positive,0.33,Quán đông là nhờ có những người như thế. Làm vậy rồi quán vắng nhanh thôi!,2026-05-31 14:45:32.532679+00:00,youtube,LOJUizz5-zQ,TIN VietNam 
668,UgznrBPxpc4zowT-yvd4AaABAg,620,4,20250526114249,neutral,0.0,Điện đăng tăng giá nên muốn có điện thì tự mang pin dự phòng mà xài.,2026-05-31 14:45:32.532679+00:00,youtube,LOJUizz5-zQ,TIN VietNam 
669,Ugwg9qde1g2XrLhOn0l4AaABAg,620,4,20250526141034,negative,-0.33,"1 cafe bạn có thể ngồi 3 4 tiếng ok, nhưng bạn chịu phụ thu nếu mang theo laptop thì chấp nhận, còn ko thì st mang sac dự phòng, còn nếu 1 ly nước vài k mà ngồi sáng đến chiều thị chịu rùi, phòng trọ wifi kém thì là do bạn thôi",2026-05-31 14:45:32.532679+00:00,youtube,LOJUizz5-zQ,TIN VietNam 
670,UgwpQMkAKrc44h0Z16t4AaABAg,620,4,20250527045723,neutral,0.0,the coffee house hoặc cung cấp đủ dịch vụ ăn uống chổ nghỉ luôn. Thu ly cf 70k đổ lên có đồ ăn sẵn luôn. Mong bù lỗ nổi,2026-05-31 14:45:32.532679+00:00,youtube,LOJUizz5-zQ,TIN VietNam 
671,UgwIN_dn_xxLeeTue054AaABAg,620,4,20250525103321,neutral,0.0,Tiền điện mắc hơn tiền đồ ăn ấy chứ =)),2026-05-31 14:45:32.532679+00:00,youtube,LOJUizz5-zQ,TIN VietNam 
672,UgwK-34Zc6WydNTIIZV4AaABAg,620,4,20250524055459,neutral,0.0,"người ta bán cafe k ưng thì đi chỗ khac , mua có tí nước ngồi cả ngày , m về bật máy lạnh nhà xem , giá ngồi 6-7 tiếng bằng ly nc rồi , tiền mặt bằng , nhân viên , k  dc thì đi chỗ khác , mất tí tiện lợi lên mạng khóc .",2026-05-31 14:45:32.532679+00:00,youtube,LOJUizz5-zQ,TIN VietNam 
673,Ugye2_X9XugPRMR7qpt4AaABAg,628,4,20251006162050,neutral,0.0,"Video gốc đâu rồi bạn nhỉ, mình tìm không ra",2026-05-31 14:45:32.532679+00:00,youtube,egI5wj7h0E0,Luci Digital
674,Ugx9xtQ7MuduSckjENl4AaABAg,629,4,20250331122736,neutral,0.0,sau này muốn chuyên xử lý khủng hoảng tt thì nên học ngành gì ạ,2026-05-31 14:45:32.532679+00:00,youtube,xVCzWpRlotA,Andy Nguyen Channel
675,UgxGzG6ssMdOlEcaGt54AaABAg,631,4,20240513085057,neutral,0.0,"Toà nhà, kiến trúc sư chịu trách nhiệm pháp lý",2026-05-31 14:45:32.532679+00:00,youtube,xuouRUpVpGs,Báo VietNamNet
676,Ugw6RBf-jBlG3fbu9cN4AaABAg,631,4,20240513072015,neutral,0.0,"5,10, 15, 20 tỷ cũng không đủ để trả lại sức khỏe, công việc, và đặc biệt là tương lai rạng ngời phía trước của cô ấy, mong có một phép màu từ Thiên Chúa dành cho cô amen",2026-05-31 14:45:32.532679+00:00,youtube,xuouRUpVpGs,Báo VietNamNet
677,Ugwh2YOnCSpdSM5qxvN4AaABAg,631,4,20240513202248,positive,0.33,"Hãy nghĩ đến thân phận và hoàn cảnh người bị nạn…mạnh dạn đưa ra con số tốt nhất cho nạn nhân là bs đó…khổ thân quá, cầu mong phép màu ❤",2026-05-31 14:45:32.532679+00:00,youtube,xuouRUpVpGs,Báo VietNamNet
678,Ugzzz8WtaWyEFBFGzv54AaABAg,631,4,20240513074828,neutral,0.0,Một quán coffee lớn mà hỗ trợ có 117 tr trong khi ca mổ nửa tỉ,2026-05-31 14:45:32.532679+00:00,youtube,xuouRUpVpGs,Báo VietNamNet
679,Ugwetu7B4me3I-Iuj6x4AaABAg,631,4,20240517040347,neutral,0.0,Rủi ro chút mà liệt nửa người tội nghiệp em quá,2026-05-31 14:45:32.532679+00:00,youtube,xuouRUpVpGs,Báo VietNamNet
680,UgyyOv6PkM9e7HhWSPB4AaABAg,631,4,20240516071028,neutral,0.0,"Tội em quá, mất hết tương lai phía trước :(",2026-05-31 14:45:32.532679+00:00,youtube,xuouRUpVpGs,Báo VietNamNet
681,UgwJBbZ7zhG_xt-r-Rp4AaABAg,631,4,20240514105532,neutral,0.0,Một đời người coi như hết. ..thương em,2026-05-31 14:45:32.532679+00:00,youtube,xuouRUpVpGs,Báo VietNamNet
682,Ugw2inh-U_pOIA_zVeJ4AaABAg,631,4,20240513181141,neutral,0.0,Xin Trời Phật ban phép mầu cứu bác sĩ là được phục hồi đi lại bình thường!,2026-05-31 14:45:32.532679+00:00,youtube,xuouRUpVpGs,Báo VietNamNet
683,Ugx6n7trCgvg1D2-8gJ4AaABAg,631,4,20240515105043,neutral,0.0,thương   cho người cha  quá,2026-05-31 14:45:32.532679+00:00,youtube,xuouRUpVpGs,Báo VietNamNet
684,Ugw2rSxY14oa-7n7Z6Z4AaABAg,631,4,20240520121623,neutral,0.0,"tai hoạ từ trên trời rơi xuống, thật bất hạnh cho nữ bs",2026-05-31 14:45:32.532679+00:00,youtube,xuouRUpVpGs,Báo VietNamNet
685,UgxhXgRI498tqbX95pF4AaABAg,631,4,20240513065555,neutral,0.0,Bác oi chịu khó niemj phạt càu mẹ Quán am bò tát cuus khỏ cuus nạn dẻ cho cháu Lý sóm thoát qua vạn nạn này,2026-05-31 14:45:32.532679+00:00,youtube,xuouRUpVpGs,Báo VietNamNet
686,Ugy5S6fTpu1z9umLtA94AaABAg,631,4,20240514010922,neutral,0.0,"Đi  Cafe  bây giờ để ý nha bà con , bao nhiêu  tiền  cũng  không  trả nổi  , tương lai của  em ấy  đang rộng  mở và  giúp đỡ cho xã hội biết bao  😢. Thương em Lý quá .",2026-05-31 14:45:32.532679+00:00,youtube,xuouRUpVpGs,Báo VietNamNet
687,Ugyz4Yg3bHnfrktoIQt4AaABAg,631,4,20240513095411,neutral,0.0,Nữ BS còn trẻ tuổi quá các BS  BV cố gắng cứu nữ BS khỏe mạnh mau lành các vết  thương khỏe rồi đưa sang Mỹ chữa trị tiếp BS sang Mỹ học tiếp lên tiến sỹ  y khoa cứu người,2026-05-31 14:45:32.532679+00:00,youtube,xuouRUpVpGs,Báo VietNamNet
688,UgydRqSSiVe77Ubtb9x4AaABAg,631,4,20240515060704,neutral,0.0,"Theo như mấy đứa nhí nhố thấy quán cafe nhiệt tình với bệnh nhân và khách hàng  . Cũng tội nghiệp hok bit đền bù thế nào nên kiếm bạn tòa nhà mà có vẻ  quay ngang . 
🥰🥰🥰🥰. 
Vô ca này là khó rồi mà hậu quả cả đời .  😴😴😴😴
Nếu công an vào cuộc thì tòa nhà lo hết ca này  nếu vi phạm thiết kế . Tòa nhà nên cấp căn hộ để nuôi e nó là vừa  🤩🤩",2026-05-31 14:45:32.532679+00:00,youtube,xuouRUpVpGs,Báo VietNamNet
689,Ugx2mAuRVi2mKatWsFx4AaABAg,631,4,20240514074810,neutral,0.0,Đau lòng quá,2026-05-31 14:45:32.532679+00:00,youtube,xuouRUpVpGs,Báo VietNamNet
690,Ugw0OuuO0gFpz-IIfkZ4AaABAg,631,4,20240514234216,neutral,0.0,Phải đền bù toàn bộ chi phí điều trị,2026-05-31 14:45:32.532679+00:00,youtube,xuouRUpVpGs,Báo VietNamNet
691,UgzCIIayU1uQtHk6rmZ4AaABAg,631,4,20240513081835,neutral,0.0,"Mạng người là trên hết ,không tín được bằng tiền bạc ...",2026-05-31 14:45:32.532679+00:00,youtube,xuouRUpVpGs,Báo VietNamNet
692,UgwS3Gd0oNSMeoREf9B4AaABAg,631,4,20240518101845,neutral,0.0,Câu mong con gai😂 mau qua khỏi thuong còn quá,2026-05-31 14:45:32.532679+00:00,youtube,xuouRUpVpGs,Báo VietNamNet
693,Ugy4L4I4BcAJxGirRIV4AaABAg,631,4,20240514094614,neutral,0.0,Mong phép màu cho cháu còn tiền bạc chừng nào cho đủ đây,2026-05-31 14:45:32.532679+00:00,youtube,xuouRUpVpGs,Báo VietNamNet
694,UgziZEjwNG-62e8hiJh4AaABAg,631,4,20240513065116,neutral,0.0,Xin chia sẻ cùng gia đình em,2026-05-31 14:45:32.532679+00:00,youtube,xuouRUpVpGs,Báo VietNamNet
695,UgyVMnZ4JpE-0Y3xyXh4AaABAg,631,4,20240513073503,neutral,0.0,Hãy tránh xa the coffee house,2026-05-31 14:45:32.532679+00:00,youtube,xuouRUpVpGs,Báo VietNamNet
696,UgwNBle4Gr4uF3p8Zrd4AaABAg,631,4,20240513091922,neutral,0.0,"Tai nạn do thiên tai, CA sẽ làm rõ nhà của ai để qui trách nhiệm, còn quán cà phê chỉ là bên lại mà đã hỗ trợ vậy là thiện chí ta cần ghi nhận.",2026-05-31 14:45:32.532679+00:00,youtube,xuouRUpVpGs,Báo VietNamNet
697,UgyhWbHph7HopC6Tyl54AaABAg,631,4,20240514142343,neutral,0.0,"Khổ quá, nghiệp đến khó tránh, gia đình cố gắng niệm Phật, tu tập cho qua cái nghiệp. Còn quán Café có tên tuổi thì nên bồi thường thỏa đáng để họ điều trị, chăm sóc người nạn lâu dài, dù sao cũng tại có sở vật chất của quán k đảm bảo",2026-05-31 14:45:32.532679+00:00,youtube,xuouRUpVpGs,Báo VietNamNet
698,UgyUN5XwMZBFNQDp8it4AaABAg,631,4,20240513084941,neutral,0.0,Bèo thế một mạng nguoi,2026-05-31 14:45:32.532679+00:00,youtube,xuouRUpVpGs,Báo VietNamNet
699,UgwJqncipbjIrl31BYd4AaABAg,631,4,20240514040329,neutral,0.0,"117 triệu ko đủ viện phí, chứ đừng nói tuong lai của bác sĩ, cả đời ngồi trên xe lăn",2026-05-31 14:45:32.532679+00:00,youtube,xuouRUpVpGs,Báo VietNamNet
700,UgzaBJbKA2NV5P3l9QJ4AaABAg,631,4,20240516191836,neutral,0.0,50 tỷ tiền vn còn chưa vừa ý nữa !,2026-05-31 14:45:32.532679+00:00,youtube,xuouRUpVpGs,Báo VietNamNet
701,Ugzd_C1nZxu2xgCSdOF4AaABAg,631,4,20240513072231,neutral,0.0,6 tỷ mới đúng🤙🤙🤙🤙🤙,2026-05-31 14:45:32.532679+00:00,youtube,xuouRUpVpGs,Báo VietNamNet
702,UgxI-im6UP10MMN71kJ4AaABAg,631,4,20240515104619,neutral,0.0,trời  oi  gì  mà  co  $5000   dollar  vậy  trời,2026-05-31 14:45:32.532679+00:00,youtube,xuouRUpVpGs,Báo VietNamNet
703,Ugw9h0NrypDQGfFZurd4AaABAg,631,4,20240514082640,neutral,0.0,"117 tr , số tiền lớn quá hén , nó lớn như bánh xe bò đó",2026-05-31 14:45:32.532679+00:00,youtube,xuouRUpVpGs,Báo VietNamNet
704,UgwwSB1-7Pf2hnckDqV4AaABAg,631,4,20240515104904,neutral,0.0,"tôi  cho   co  bác  Si trẻ    va  gd  
cả  1 tưởng  lai",2026-05-31 14:45:32.532679+00:00,youtube,xuouRUpVpGs,Báo VietNamNet
705,UgwmNNP4ZOqpMO9ODkJ4AaABAg,631,4,20240513180751,neutral,0.0,Tẩy chay tch,2026-05-31 14:45:32.532679+00:00,youtube,xuouRUpVpGs,Báo VietNamNet
706,Ugzay3ApBrkUP2AG1l14AaABAg,631,4,20240513225523,neutral,0.0,Cầu trời khấn phật mong con tai qua nạn khỏi hồi phục đc,2026-05-31 14:45:32.532679+00:00,youtube,xuouRUpVpGs,Báo VietNamNet
707,Ugyvf3xD9al6YpMF2cZ4AaABAg,631,4,20240513065236,neutral,0.0,1 tỷ mới đúng,2026-05-31 14:45:32.532679+00:00,youtube,xuouRUpVpGs,Báo VietNamNet
708,UgxCzmaHWHk2rjtXZA14AaABAg,631,4,20240513071851,neutral,0.0,"117 triệu ?   Phải manh dạn  hỗ trợ  người ta 1,7 tỷ   !!",2026-05-31 14:45:32.532679+00:00,youtube,xuouRUpVpGs,Báo VietNamNet
709,Ugyt9Mm_p0G1Cwc2ylt4AaABAg,631,4,20240513084524,neutral,0.0,Mổ xong cần lên tôi hỗ trợ thuốc cho nhé,2026-05-31 14:45:32.532679+00:00,youtube,xuouRUpVpGs,Báo VietNamNet
710,UgyC6V6Hkace5scL4SN4AaABAg,631,4,20240514061152,neutral,0.0,500 triệu nha 😂,2026-05-31 14:45:32.532679+00:00,youtube,xuouRUpVpGs,Báo VietNamNet
711,Ugw2UDpJDiR7ikTothh4AaABAg,631,4,20240515121211,neutral,0.0,Con ng ta như thế mà bồi thg như vậy ai nghe,2026-05-31 14:45:32.532679+00:00,youtube,xuouRUpVpGs,Báo VietNamNet
712,Ugw-tSVQfUkdLP0dDTR4AaABAg,631,4,20240513075143,neutral,0.0,Khô thân cho em quá ca? Cuộc đời ngồi xe,2026-05-31 14:45:32.532679+00:00,youtube,xuouRUpVpGs,Báo VietNamNet
713,UgxfXhcmVbJ70x98Q2R4AaABAg,631,4,20240513070246,neutral,0.0,phòng trống 0 đạt hiệu quả thì phải bồi thường chứ sao❤🎉,2026-05-31 14:45:32.532679+00:00,youtube,xuouRUpVpGs,Báo VietNamNet
714,UgzbFswEoysNOrs2GO54AaABAg,631,4,20240513070618,neutral,0.0,"Gì trời, 117 triệu? Riêng tôi là nhất định ko bằng lòng, 117 triệu sao nuôi được cả đời, rất thương tâm một cô gái trẻ, tương lai rạng rỡ của một bác sĩ, hy vọng pháp luật xử lý nghiêm minh",2026-05-31 14:45:32.532679+00:00,youtube,xuouRUpVpGs,Báo VietNamNet
715,UgwdwIXmpERt1Y0f02B4AaABAg,631,4,20240513065713,neutral,0.0,Phải bòi thuongf cho dén khi phục hòi lại bình thuòng,2026-05-31 14:45:32.532679+00:00,youtube,xuouRUpVpGs,Báo VietNamNet
716,UgwE0_DKy0uGILjoCDF4AaABAg,631,4,20240513071009,neutral,0.0,5 tỷ,2026-05-31 14:45:32.532679+00:00,youtube,xuouRUpVpGs,Báo VietNamNet
717,Ugz2SrlbkqrTK9CV94x4AaABAg,631,4,20240515230154,neutral,0.0,😭😢☹️💔,2026-05-31 14:45:32.532679+00:00,youtube,xuouRUpVpGs,Báo VietNamNet
718,UgzNoiWGLCiiUmqNGGx4AaABAg,631,4,20240514121439,neutral,0.0,Nam Mô A Di Đà Phật con cầu xin phép Phật nhiệm màu gia hô cháu sớm bình phục,2026-05-31 14:45:32.532679+00:00,youtube,xuouRUpVpGs,Báo VietNamNet
719,UgwzjHWRVIjg7yeAond4AaABAg,631,4,20240513094539,neutral,0.0,"Bỏ đi sui xẻo ráng chịu,i hỗ trợ bn cũng được.",2026-05-31 14:45:32.532679+00:00,youtube,xuouRUpVpGs,Báo VietNamNet
720,Ugx4bQsvFfr7Lvt1PV14AaABAg,631,4,20240513073802,neutral,0.0,Phải bồi thường 100 tỷ đưa bác sỹ đi Mỹ cứu chữa cho bằng được nhân tài của đất nước.,2026-05-31 14:45:32.532679+00:00,youtube,xuouRUpVpGs,Báo VietNamNet
721,UgxXaj4E9UPAzLfsFlZ4AaABAg,631,4,20240516051842,neutral,0.0,Qua thấp,2026-05-31 14:45:32.532679+00:00,youtube,xuouRUpVpGs,Báo VietNamNet
722,UgwpuV-EHoWQrDU-LiR4AaABAg,631,4,20240513152200,positive,0.33,Có  phải  quán  người  ta đập  kính  vào  đâu  .mjh thích  vào  tự  lấy  hoạ  .sao bắt  người  ta đền,2026-05-31 14:45:32.532679+00:00,youtube,xuouRUpVpGs,Báo VietNamNet
723,Ugxy_SKp41gNgMLOVip4AaABAg,635,4,20231221042745,neutral,0.0,Chiếc ghế vip pro 😂,2026-05-31 14:45:32.532679+00:00,youtube,osbd5M4Fwo4,Z.Invest
724,UgzQbywWsN08TsaWhn14AaABAg,635,4,20231220201112,positive,0.33,clip nội dung hay nhưng nhạc nền hơi lớn nên mình khó nghe được giọng bạn dẫn video,2026-05-31 14:45:32.532679+00:00,youtube,osbd5M4Fwo4,Z.Invest
725,UgyTdNB-LQN1LE2Ywqh4AaABAg,635,4,20231221050721,positive,0.33,Toàn nữ mặc áo vest lên làm marketing không vậy chán vl,2026-05-31 14:45:32.532679+00:00,youtube,osbd5M4Fwo4,Z.Invest
726,Ugwz10SqYe8YTWMcw4p4AaABAg,637,4,20231019165314,neutral,0.0,flop v,2026-05-31 14:45:32.532679+00:00,youtube,Ia9Abco7bs0,Vitamin Nhà 
727,UgyDTogWzMmj2EgarEV4AaABAg,640,4,20230924075527,neutral,0.0,❤❤,2026-05-31 14:45:32.532679+00:00,youtube,o7Qw8Aobd7s,JY Studio
728,UgzCFt_I9Mz5lu0GAmJ4AaABAg,640,4,20230923041957,neutral,0.0,❤,2026-05-31 14:45:32.532679+00:00,youtube,o7Qw8Aobd7s,JY Studio
729,Ugy43d4Oi2MVRxMgNu14AaABAg,640,4,20230922210355,positive,0.33,Bánh ngon mà ăn chê quá tr hà,2026-05-31 14:45:32.532679+00:00,youtube,o7Qw8Aobd7s,JY Studio
730,UgzM73l5LRFJK0WUh_14AaABAg,643,4,20230816035702,positive,0.33,Mọi người thích brand nào nhất? 😛😛😛,2026-05-31 14:45:32.532679+00:00,youtube,zSIkeNqPJLs,Ninh Titô
731,UgycBjffgMy6smQfh7V4AaABAg,643,4,20230816045052,neutral,0.0,"content hay ghê á trời, mình thấy trong xu hướng food review ngày càng nhiều như h khiến cho nội dung dễ bão hoà hoặc review qua loa không chân thực thì video này đáng khen nha. Cả về phần edit, nội dung và cách review luôn. Phát huy nhé 🎉👍🏻👏🏻",2026-05-31 14:45:32.532679+00:00,youtube,zSIkeNqPJLs,Ninh Titô
732,UgzlKhcJi5Cju-Is7bZ4AaABAg,643,4,20230816041651,positive,0.33,"Clip dễ thương quáaaaa, anh Ninh Ếch mãi mận 😂😂",2026-05-31 14:45:32.532679+00:00,youtube,zSIkeNqPJLs,Ninh Titô
733,Ugz_LaKJpoSiMK8BScl4AaABAg,643,4,20230816112108,neutral,0.0,Cái bịt mắt ếch nhìn cười quá trời 😂,2026-05-31 14:45:32.532679+00:00,youtube,zSIkeNqPJLs,Ninh Titô
734,UgwXi-ZLtVDv_uxPI1V4AaABAg,643,4,20230816051937,neutral,0.0,đoạn ăn bánh buồn cười quá ạ :D chúc a Ninh có nhiều idea ra thêm video cute thế này ạ :D,2026-05-31 14:45:32.532679+00:00,youtube,zSIkeNqPJLs,Ninh Titô
735,UgyZub63yr7g4PgubgF4AaABAg,643,4,20230817132820,neutral,0.0,"Sắp tới trung thu uii , a làm chủ đề test các loại bánh của các brand đi a",2026-05-31 14:45:32.532679+00:00,youtube,zSIkeNqPJLs,Ninh Titô
736,UgwflAhdi9u5VQnlKF14AaABAg,643,4,20230816122742,neutral,0.0,tập này cười xỉu 😂,2026-05-31 14:45:32.532679+00:00,youtube,zSIkeNqPJLs,Ninh Titô
737,UgwYmYWcTE4a_CKhXtJ4AaABAg,643,4,20230825035958,neutral,0.0,"Hahaa tập này cười xỉu, mong team anh sẽ phát triển theo hướng này ạ vì anh Ninh khá là có vía chọc cười đó =)))))))) btw mặc dù TCH nhiều đồ ún không ngon nhưng xét về định vị brand thì thui tui vẫn thích TCH ư ư",2026-05-31 14:45:32.532679+00:00,youtube,zSIkeNqPJLs,Ninh Titô
738,Ugw7-OLMULkXRjJuRJp4AaABAg,643,4,20230820113504,neutral,0.0,Cứ để ý quả bịt mắt của ổng mà buồn cười 🤣,2026-05-31 14:45:32.532679+00:00,youtube,zSIkeNqPJLs,Ninh Titô
739,UgyLrAZelGyTlBcbBJF4AaABAg,643,4,20230816033749,neutral,0.0,Tỉ số 4 - 1 đúng là tỉ số bất ngờ đó,2026-05-31 14:45:32.532679+00:00,youtube,zSIkeNqPJLs,Ninh Titô
740,UgwuIn329oFpsWWxZDd4AaABAg,643,4,20230816045646,positive,0.33,Đến HL t chỉ ún matcha freeze vs bạc xỉu~~ TCH trà hoa quả ngon,2026-05-31 14:45:32.532679+00:00,youtube,zSIkeNqPJLs,Ninh Titô
741,UgwGfdstCKeBC_FgtYV4AaABAg,643,4,20230816054200,neutral,0.0,Xin chào Ninh. Tháng mới may mắn nhé,2026-05-31 14:45:32.532679+00:00,youtube,zSIkeNqPJLs,Ninh Titô
742,UgzdRhL5N9lcp8pj6814AaABAg,643,4,20230827102241,neutral,0.0,"=)))) Không biết có ai như tôi không, mỗi lần xem vid anh Ninh là phải để tốc độ 1.5 mới đủ kiên nhẫn nghe",2026-05-31 14:45:32.532679+00:00,youtube,zSIkeNqPJLs,Ninh Titô
743,UgzZ61D3FvtYkJ1Wkat4AaABAg,643,4,20230823020044,neutral,0.0,"Cứ toàn nhìn cái bịt mắt thôi, ánh mắt hơi ám ảnh nha 😅😅",2026-05-31 14:45:32.532679+00:00,youtube,zSIkeNqPJLs,Ninh Titô
744,UgylIrYCUa5_E4jYEvR4AaABAg,643,4,20230816063552,positive,0.67,em thích trà của Highland và cà phê của TCH 😂 mà hay uống TCH vì có thẻ thành viên =)))),2026-05-31 14:45:32.532679+00:00,youtube,zSIkeNqPJLs,Ninh Titô
745,Ugwk85Kkg41OojkEZLp4AaABAg,643,4,20230816033426,neutral,0.0,từng uống 4-5 CFH ở tphcm! dở điên lên được! chắc tại t xui 😂😂😂,2026-05-31 14:45:32.532679+00:00,youtube,zSIkeNqPJLs,Ninh Titô
746,UgwQq2J6GwbI4M6KMH54AaABAg,643,4,20230819084606,neutral,0.0,em rất buồn cười cái bịt mắt của a,2026-05-31 14:45:32.532679+00:00,youtube,zSIkeNqPJLs,Ninh Titô
747,Ugx_TpXAGAhtWTqyNP54AaABAg,643,4,20230816041143,neutral,0.0,Mê trà sen vàng của Highlands ạ,2026-05-31 14:45:32.532679+00:00,youtube,zSIkeNqPJLs,Ninh Titô
748,Ugy5kmOJCdHCg_n6HnB4AaABAg,643,4,20230904132811,neutral,0.0,Cừ mệt lun á,2026-05-31 14:45:32.532679+00:00,youtube,zSIkeNqPJLs,Ninh Titô
749,UgxY7igi8yXWOxhvsQ54AaABAg,643,4,20230816041649,neutral,0.0,Bị lừa quả ống hút nhựa với giấyyyy 😢😢😢,2026-05-31 14:45:32.532679+00:00,youtube,zSIkeNqPJLs,Ninh Titô
750,Ugzko_uBKgdr9HYaNHh4AaABAg,643,4,20230816142743,positive,0.33,B nào thích thức xuyên màn đêm thì thử trà sữa blao của tch ý,2026-05-31 14:45:32.532679+00:00,youtube,zSIkeNqPJLs,Ninh Titô
751,Ugx4XME6dHxq4sIC-uh4AaABAg,643,4,20230817150440,neutral,0.0,"Ko thể tập trung nổi vì cái bịt mắt ấy, trông nguuuuu đáng ơi vỡi",2026-05-31 14:45:32.532679+00:00,youtube,zSIkeNqPJLs,Ninh Titô
752,UgxYlDTDRSf1vXwLvQF4AaABAg,643,4,20230828175142,neutral,0.0,Nhìn anh đeo cái mặt nạ buồn cười v :))),2026-05-31 14:45:32.532679+00:00,youtube,zSIkeNqPJLs,Ninh Titô
753,UgzWM8hEQcTW0iZThjJ4AaABAg,643,4,20230901093359,neutral,0.0,cái cafe sữa đá hòa tan của the coffee house t ham hố pha 2 gói uống dô say cf mệt cả ngày ko làm dc gì luon,2026-05-31 14:45:32.532679+00:00,youtube,zSIkeNqPJLs,Ninh Titô
754,UgyfN62FQSX7SVzSqaZ4AaABAg,643,4,20230816140057,neutral,0.0,Ninh thử nước bên aha coffe đi,2026-05-31 14:45:32.532679+00:00,youtube,zSIkeNqPJLs,Ninh Titô
755,UgyBBswQLJ5csoheqMF4AaABAg,643,4,20230816035633,neutral,0.0,Nhìn ông Ninh đeo quả bịt mắt này trông hề quá =)))),2026-05-31 14:45:32.532679+00:00,youtube,zSIkeNqPJLs,Ninh Titô
756,UgzS-A-v84cvnAaEIpZ4AaABAg,643,4,20230910053428,positive,0.33,"hiuhiu mình uống TCH vài lần thì thấy ko hợp lắm, còn highland thì nghiện điên lên, ai hỏi hnay đi uống chỗ nào t toàn bảo ra HL, 1 phần vì dưới nhà có HL nữa, đỡ phải đi xa =))), HL mới có phindi hạt dẻ ngon lém các bác ơi, nma lượng cf hơi nhiều nên bác nào sợ say cf thì cân nhắc nhó nma đáng để thử lắm. caramel macchiato của highland cũng ngon và có kem khác hẳn mấy chỗ khác á mỗi tội giá hơi chát, uống cốc size M thui cũng 8 hay 90k ý toai ko nhớ nữa =))",2026-05-31 14:45:32.532679+00:00,youtube,zSIkeNqPJLs,Ninh Titô
757,UgxQuPnp_LNQafs5w2V4AaABAg,643,4,20230902113429,positive,0.67,Cả 2 bên đều k thích. Nhưng về cf thì HL có vẻ nhỉnh hơn. Nhưng vẫn hay gọi TCH vì đóng gói sang hơn :),2026-05-31 14:45:32.532679+00:00,youtube,zSIkeNqPJLs,Ninh Titô
758,UgwrUAFRBSzgMcyD-IB4AaABAg,643,4,20230816091707,neutral,0.0,má quả bịt mắt =)))) cười điên mất,2026-05-31 14:45:32.532679+00:00,youtube,zSIkeNqPJLs,Ninh Titô
759,UgzxV8aNbVtQpUcwAEF4AaABAg,643,4,20230824142927,neutral,0.0,Phúc Long vs Katinat đi ạ,2026-05-31 14:45:32.532679+00:00,youtube,zSIkeNqPJLs,Ninh Titô
760,Ugx3PBBgYhATnq58bid4AaABAg,643,4,20230824045758,neutral,0.0,Uống hồng trà sữa của tch đỉnh chóp lun á mn,2026-05-31 14:45:32.532679+00:00,youtube,zSIkeNqPJLs,Ninh Titô
761,UgxA_nOPZb_C3GmOWw94AaABAg,643,4,20230816125801,neutral,0.0,Anh Ninh dạo này chăm chỉ vậy.,2026-05-31 14:45:32.532679+00:00,youtube,zSIkeNqPJLs,Ninh Titô
762,Ugw4R-JKaOXyE_tT_qF4AaABAg,643,4,20230904180356,neutral,0.0,"Cái frosty trà xanh mới của TCH không phải matcha đâu ạa, nó là trà xanh Tây Bắc Việt Nam nên vị nó cũng khác với freezy",2026-05-31 14:45:32.532679+00:00,youtube,zSIkeNqPJLs,Ninh Titô
763,Ugxpx08ID7VdD-jlBU54AaABAg,643,4,20230816035603,neutral,0.0,cà phê nâu TCH lần nào order cũng khét lẹt. chê nha!,2026-05-31 14:45:32.532679+00:00,youtube,zSIkeNqPJLs,Ninh Titô
764,UgxE31wSyBeRf61kgpJ4AaABAg,643,4,20230816065838,positive,0.33,"""Hai len"" hay ""hai lừn"" 🤣",2026-05-31 14:45:32.532679+00:00,youtube,zSIkeNqPJLs,Ninh Titô
765,UgzNY8B-apLlKJ2jp0B4AaABAg,643,4,20230816053728,neutral,0.0,anh Ninh sau video này có bị say cà phê khum ạ?,2026-05-31 14:45:32.532679+00:00,youtube,zSIkeNqPJLs,Ninh Titô
766,UgxUzINtzmvhO0p_PL54AaABAg,643,4,20230816034115,neutral,0.0,Giống tỉ số của trận bóng đá,2026-05-31 14:45:32.532679+00:00,youtube,zSIkeNqPJLs,Ninh Titô
767,Ugx7L8vhkLIc7-5p3554AaABAg,643,4,20230816034338,positive,0.33,"TCH mình thấy mỗi trà đào cam sả là ngon, các loại khác nó cứ nhạt nhẽo vị ko ấn tượng gì cả",2026-05-31 14:45:32.532679+00:00,youtube,zSIkeNqPJLs,Ninh Titô
768,UgwuwcquPejAL5cmnlt4AaABAg,643,4,20230904161124,neutral,0.0,Khi mà thử 2 vị cùng 1 lúc thì món thứ 2 sẽ ko bao h chuẩn vị dc.,2026-05-31 14:45:32.532679+00:00,youtube,zSIkeNqPJLs,Ninh Titô
769,UgyhGQ1io8db4IR9ZtN4AaABAg,643,4,20230816175544,neutral,0.0,TCH đi bán đá mà :))),2026-05-31 14:45:32.532679+00:00,youtube,zSIkeNqPJLs,Ninh Titô
770,UgxnohmS47jszw-F4Qp4AaABAg,643,4,20230817071850,neutral,0.0,A so sánh Cộng cà phê với AHA đi a,2026-05-31 14:45:32.532679+00:00,youtube,zSIkeNqPJLs,Ninh Titô
771,UgyNb9RYa_KbZvNBc8d4AaABAg,643,4,20230816055050,neutral,0.0,Hayyyy,2026-05-31 14:45:32.532679+00:00,youtube,zSIkeNqPJLs,Ninh Titô
772,Ugx_sifQ-Qkx8Ke5Ye14AaABAg,643,4,20230816052435,neutral,0.0,Lâu lắm mới thấy Hấu 🍉,2026-05-31 14:45:32.532679+00:00,youtube,zSIkeNqPJLs,Ninh Titô
773,UgyHoAtpZc7C_RtYLg94AaABAg,643,4,20230816053711,positive,0.33,"hình như highland có cho nhượng quyền thương hiệu hay sao ấy, thế nên nó mới có nhiều cửa hàng thế",2026-05-31 14:45:32.532679+00:00,youtube,zSIkeNqPJLs,Ninh Titô
774,Ugwc9c6gNMNMX3bASF54AaABAg,643,4,20230819064656,neutral,0.0,Cộng đi anh ơi,2026-05-31 14:45:32.532679+00:00,youtube,zSIkeNqPJLs,Ninh Titô
775,UgzsukBwXVU0_Jf8SYl4AaABAg,643,4,20230821044646,neutral,0.0,Chưa bao giờ mình thấy sen vàng của TCH ngon hơn HL. Kể cả kem trên topping. Bánh cũng ngon hơn. Bánh TCH xốp,2026-05-31 14:45:32.532679+00:00,youtube,zSIkeNqPJLs,Ninh Titô
776,UgzXqu0ZXJ62FYgtxNp4AaABAg,643,4,20230816094148,neutral,0.0,TCH 7 điểm. Nhưng bảo vệ và chăm sóc khách hàng 1 điểm. Nên vẫn chọn 2lands.,2026-05-31 14:45:32.532679+00:00,youtube,zSIkeNqPJLs,Ninh Titô
777,UgxcPSBtMYEW7jkHmUJ4AaABAg,643,4,20230821074618,neutral,0.0,Hơi lạc đề nhưng m xin địa chỉ mổ mắt cận 😅,2026-05-31 14:45:32.532679+00:00,youtube,zSIkeNqPJLs,Ninh Titô
778,UgyrvSagmVEN9Opek9Z4AaABAg,643,4,20230816092226,positive,0.67,"TCH tui hay uống trà sữa ô long và phindi hạnh nhân, cũng ngon á nha",2026-05-31 14:45:32.532679+00:00,youtube,zSIkeNqPJLs,Ninh Titô
779,UgxJt0aPJSltEEwNEdF4AaABAg,643,4,20230816042147,neutral,0.0,2 quán đều bán đá chứ không bán nước :)),2026-05-31 14:45:32.532679+00:00,youtube,zSIkeNqPJLs,Ninh Titô
780,UgxAAKLmBN_Ah7UrfSl4AaABAg,648,4,20230428104833,neutral,0.0,Awesome vlog love from Pakistan 🙂,2026-05-31 14:45:32.532679+00:00,youtube,JF1K_aRzgFo,Erica Explores
781,Ugx4uZxalZPgoUY5Hxt4AaABAg,648,4,20230128152340,neutral,0.0,baka madiscover yung singing voice natin 🤣🤣🤣,2026-05-31 14:45:32.532679+00:00,youtube,JF1K_aRzgFo,Erica Explores
